clones_hw,0
TRBV10-1;TRBJ1-2_CASSAGTDYGYTF,1.0
TRBV10-1;TRBJ1-2_CASSESQTGVNNYGYTF,0.0
TRBV10-1;TRBJ2-2_CASSGGQAGTGELFF,0.0
TRBV10-1;TRBJ2-2_CASSVMVGEGSTGELFF,0.0
TRBV10-1;TRBJ2-3_CASSESRGDFTDTQYF,1.0
TRBV10-1;TRBJ2-3_CASSPSTVTDTQYF,0.0
TRBV10-1;TRBJ2-5_CASSAEHQETQYF,0.0
TRBV10-1;TRBJ2-5_CASSARQGSAETQYF,0.0
TRBV10-1;TRBJ2-5_CASSESGAPGQETQYF,0.0
TRBV10-1;TRBJ2-5_CASSESGQGETQYF,0.0
TRBV10-1;TRBJ2-5_CASSSTSGGFIIQETQYF,0.0
TRBV10-1;TRBJ2-7_CASSDYRSYEQYF,0.0
TRBV10-1;TRBJ2-7_CASSESEFREQYF,0.0
TRBV10-2;TRBJ1-3_CASSDRGLNTIYF,1.0
TRBV10-2;TRBJ1-5_CASSEAGGNQPQHF,0.0
TRBV10-2;TRBJ1-5_CASSPLGGGYQPQHF,0.0
TRBV10-2;TRBJ1-6_CASSESGRRSSYNSPLHF,0.0
TRBV10-2;TRBJ2-1_CASHVAGIGNEQFF,200000000.0
TRBV10-2;TRBJ2-1_CASSDSAGRAFNEQFF,0.0
TRBV10-2;TRBJ2-2_CASRIRGENTGELFF,1.0
TRBV10-2;TRBJ2-2_CASSEQGRSTGELFF,1.0
TRBV10-2;TRBJ2-2_CASSERPTPGELFF,0.0
TRBV10-2;TRBJ2-2_CATGGRQAQGSGELFF,0.0
TRBV10-2;TRBJ2-3_CASSRSTDTQYF,0.0
TRBV10-2;TRBJ2-5_CASSADFETQYF,0.0
TRBV10-2;TRBJ2-5_CASSEQGGETQYF,1.0
TRBV10-2;TRBJ2-7_CASSEASGRAGGEQYF,0.0
TRBV10-2;TRBJ2-7_CASSEGHLSEQYF,1.0
TRBV10-2;TRBJ2-7_CASSVSLEEQYF,0.0
TRBV10-3;TRBJ1-1_CAIRDRRYTEAFF,1.0
TRBV10-3;TRBJ1-1_CAIRGQLNTEAFF,0.0
TRBV10-3;TRBJ1-1_CAISERNLQAFF,0.0
TRBV10-3;TRBJ1-1_CAISERNTEAFF,0.0
TRBV10-3;TRBJ1-1_CAISESAAISGAFF,1.0
TRBV10-3;TRBJ1-1_CASNLESSYTEAFF,0.0
TRBV10-3;TRBJ1-2_CAIEPGQGSRNYGYTF,0.0
TRBV10-3;TRBJ1-2_CAIRPDSSLINYGYTF,0.0
TRBV10-3;TRBJ1-2_CAISEDFGPGYGYTF,0.0
TRBV10-3;TRBJ1-2_CAISEGQGNYGYTF,0.0
TRBV10-3;TRBJ1-2_CATRDNRNYGYTF,0.0
TRBV10-3;TRBJ1-3_CAISEAGERPRNTIYF,0.0
TRBV10-3;TRBJ1-3_CAISESGQGAVLGSGNTIYF,0.0
TRBV10-3;TRBJ1-5_CAIGGVGSGQPQHF,0.0
TRBV10-3;TRBJ1-5_CAISESGQGKSPNQPQHF,0.0
TRBV10-3;TRBJ1-5_CAISPTGRAQHF,0.0
TRBV10-3;TRBJ1-5_CATKEPGTNDQPQHF,0.0
TRBV10-3;TRBJ1-5_CATSRGNQPQHF,0.0
TRBV10-3;TRBJ1-5_CAVGTGDSNQPQHF,1.0
TRBV10-3;TRBJ1-6_CATRDGARTYNSPLHF,0.0
TRBV10-3;TRBJ2-1_CAISALAGEHNEQFF,1.0
TRBV10-3;TRBJ2-1_CAISDPGTAYNEQFF,1.0
TRBV10-3;TRBJ2-1_CAISDPGTGVREQFF,0.0
TRBV10-3;TRBJ2-1_CAISDRSGSAWEQFF,1.0
TRBV10-3;TRBJ2-1_CAISDRVSEQFF,0.0
TRBV10-3;TRBJ2-1_CAISDSRREVGEQFF,0.0
TRBV10-3;TRBJ2-1_CAISEARGNEQFF,0.0
TRBV10-3;TRBJ2-1_CAISEGLAPYNEQFF,0.0
TRBV10-3;TRBJ2-1_CAISEGPEQFF,0.0
TRBV10-3;TRBJ2-1_CAISEIGTSGFHEQFF,0.0
TRBV10-3;TRBJ2-1_CAISERTRNNEQFF,0.0
TRBV10-3;TRBJ2-1_CAISESERGAGNEQFF,0.0
TRBV10-3;TRBJ2-1_CAISESFRRAISEQFF,0.0
TRBV10-3;TRBJ2-1_CAISGDLYNEQFF,1.0
TRBV10-3;TRBJ2-1_CAISVSARMNNEQFF,0.0
TRBV10-3;TRBJ2-1_CAMGTWDEQFF,0.0
TRBV10-3;TRBJ2-2_CAIGVGHNTGELFF,1.0
TRBV10-3;TRBJ2-2_CAISDPDRAIGELFF,0.0
TRBV10-3;TRBJ2-2_CAISERDTVFTGELFF,0.0
TRBV10-3;TRBJ2-2_CAISERRTGGTGELFF,0.0
TRBV10-3;TRBJ2-2_CATRAGNTGELFF,0.0
TRBV10-3;TRBJ2-3_CAISGEISTDTQYF,0.0
TRBV10-3;TRBJ2-3_CAISPNGDTQYF,0.0
TRBV10-3;TRBJ2-3_CATGLAGLDTQYF,0.0
TRBV10-3;TRBJ2-3_CATQWGRGSSDTQYF,1.0
TRBV10-3;TRBJ2-3_CATRRSGRVDTDTQYF,0.0
TRBV10-3;TRBJ2-4_CAISESARDIQYF,0.0
TRBV10-3;TRBJ2-5_CAIRSGATETQYF,0.0
TRBV10-3;TRBJ2-5_CAISESGETQYF,0.0
TRBV10-3;TRBJ2-5_CAISESIATETQYF,1.0
TRBV10-3;TRBJ2-5_CAISESPGPSGTQYF,0.0
TRBV10-3;TRBJ2-5_CAISGSRAFQETQYF,0.0
TRBV10-3;TRBJ2-5_CAISLDLQETQYF,0.0
TRBV10-3;TRBJ2-5_CAISTGLQETQYF,0.0
TRBV10-3;TRBJ2-6_CASGTPRTSGANVLTF,1.0
TRBV10-3;TRBJ2-7_CAIRKEGALLEQYF,0.0
TRBV10-3;TRBJ2-7_CAISAREDEQYF,0.0
TRBV10-3;TRBJ2-7_CAISDLGAYEQYF,400000000.0
TRBV10-3;TRBJ2-7_CAISDSGGAREQYF,0.0
TRBV10-3;TRBJ2-7_CAISDSGTSIYEQYF,0.0
TRBV10-3;TRBJ2-7_CAISEANRGVYEQYF,0.0
TRBV10-3;TRBJ2-7_CAISGGYRPSTYEQYF,0.0
TRBV10-3;TRBJ2-7_CAISGQGLYEQYF,0.0
TRBV10-3;TRBJ2-7_CAISTTGAAPGEQYF,0.0
TRBV10-3;TRBJ2-7_CATADHYEQYF,0.0
TRBV11-1;TRBJ1-1_CASSFAENTEAFF,0.0
TRBV11-1;TRBJ1-1_CASSFDQTEAFF,0.0
TRBV11-1;TRBJ1-1_CASSLYGTANTEAFF,0.0
TRBV11-1;TRBJ1-2_CASSLAEEGGYTF,1.0
TRBV11-1;TRBJ2-1_CASSFGTSGPSYNEQFF,0.0
TRBV11-1;TRBJ2-1_CASSFQSSYNEQFF,0.0
TRBV11-1;TRBJ2-1_CASSITTVDNEQFF,0.0
TRBV11-1;TRBJ2-1_CASSLMWMGTVLFF,0.0
TRBV11-1;TRBJ2-3_CASSRYFGDTQYF,0.0
TRBV11-1;TRBJ2-5_CASSFPGVEGKTQYF,0.0
TRBV11-1;TRBJ2-6_CASSWEHSGANVLTF,0.0
TRBV11-2;TRBJ1-1_CASIKRGYTEAFF,0.0
TRBV11-2;TRBJ1-1_CASSLDFTEAFF,0.0
TRBV11-2;TRBJ1-1_CASSLDGRGTEAFF,0.0
TRBV11-2;TRBJ1-1_CASSLDQLSGGAGTEAFF,0.0
TRBV11-2;TRBJ1-1_CASSLVAGGNTEAFF,0.0
TRBV11-2;TRBJ1-1_CASSPRGVGDTEAFF,0.0
TRBV11-2;TRBJ1-1_CASSPTRDRYYPEAFF,1.0
TRBV11-2;TRBJ1-1_CASSQNGQFMNTEAFF,0.0
TRBV11-2;TRBJ1-1_CASSSDRVREAFF,0.0
TRBV11-2;TRBJ1-1_CASSSTYRRRNTEAFF,0.0
TRBV11-2;TRBJ1-2_CASKNPWDRAFPYGYTF,1.0
TRBV11-2;TRBJ1-2_CASSFDRNYGYTF,0.0
TRBV11-2;TRBJ1-2_CASSLGPSGTAYGYTF,0.0
TRBV11-2;TRBJ1-2_CASSLSRDTGGYTF,0.0
TRBV11-2;TRBJ1-2_CASSNRDRVGYTF,0.0
TRBV11-2;TRBJ1-2_CASSSGPGTVYGYTF,0.0
TRBV11-2;TRBJ1-2_CASSSVQGGANYGYTF,0.0
TRBV11-2;TRBJ1-4_CASSLGGKANEKLFF,0.0
TRBV11-2;TRBJ1-4_CASSPHATNEKLFF,0.0
TRBV11-2;TRBJ1-6_CASSPGQSYSPLHF,0.0
TRBV11-2;TRBJ2-1_CASGLAGNEQFF,0.0
TRBV11-2;TRBJ2-1_CASIPQGYNEQFF,0.0
TRBV11-2;TRBJ2-1_CASRRSFRDSYNEQFF,0.0
TRBV11-2;TRBJ2-1_CASSLDWERLAGAYNEQFF,0.0
TRBV11-2;TRBJ2-1_CASSLEAGLYNEQFF,0.0
TRBV11-2;TRBJ2-1_CASSLEGGSYNEQFF,0.0
TRBV11-2;TRBJ2-1_CASSLGGGWGADRNEQFF,0.0
TRBV11-2;TRBJ2-1_CASSLGGMFSYNEQFF,0.0
TRBV11-2;TRBJ2-1_CASSLLAGGNNNEQFF,0.0
TRBV11-2;TRBJ2-1_CASSLTGQGPYNEQFF,0.0
TRBV11-2;TRBJ2-1_CASSLTPGLSYNEQFF,0.0
TRBV11-2;TRBJ2-1_CASSLVRGAGNEQFF,0.0
TRBV11-2;TRBJ2-1_CASSPGLAGGHEQFF,0.0
TRBV11-2;TRBJ2-1_CASSPTSFSGIEYNEQFF,1.0
TRBV11-2;TRBJ2-1_CASSQRTSLSSYNEQFF,0.0
TRBV11-2;TRBJ2-1_CASSTPSGADEQFF,0.0
TRBV11-2;TRBJ2-2_CASRIQNTGELFF,0.0
TRBV11-2;TRBJ2-2_CASSLPRVAGELFF,0.0
TRBV11-2;TRBJ2-2_CASSLQGADTGELFF,0.0
TRBV11-2;TRBJ2-2_CASSLRGTIGELFF,0.0
TRBV11-2;TRBJ2-2_CASSLRLAGGMNTGELFF,0.0
TRBV11-2;TRBJ2-2_CASSLTGSNTGELFF,0.0
TRBV11-2;TRBJ2-2_CASSSLGPSGGGELFF,0.0
TRBV11-2;TRBJ2-2_CASSSQTGANTGELFF,0.0
TRBV11-2;TRBJ2-2_CASTRGRGPAHTGELFF,0.0
TRBV11-2;TRBJ2-3_CASSISTLTDTQYF,0.5
TRBV11-2;TRBJ2-3_CASSLLRQHHTQYF,0.0
TRBV11-2;TRBJ2-3_CASSLVGASTDTQYF,0.0
TRBV11-2;TRBJ2-3_CASSLVGGSVGDTQYF,0.0
TRBV11-2;TRBJ2-3_CASSPGEVNADTQYF,0.0
TRBV11-2;TRBJ2-3_CASSPTLRGVDRDTQYF,0.0
TRBV11-2;TRBJ2-4_CASSSNWENIQYF,0.0
TRBV11-2;TRBJ2-5_CASSHLAGGQETQYF,0.0
TRBV11-2;TRBJ2-5_CASSLDWTETQYF,1.0
TRBV11-2;TRBJ2-5_CASSLEWGRGVGETQYF,1.0
TRBV11-2;TRBJ2-5_CASSLRREETQYF,0.0
TRBV11-2;TRBJ2-5_CASSQYLAGPQETQYF,0.0
TRBV11-2;TRBJ2-7_CASSAGPYSYEQYF,0.0
TRBV11-2;TRBJ2-7_CASSFSGGPYEQYF,0.0
TRBV11-2;TRBJ2-7_CASSFSSEYEQYF,0.0
TRBV11-2;TRBJ2-7_CASSLDVRLAGYEQYF,0.0
TRBV11-2;TRBJ2-7_CASSLGHSSYEQYF,1.0
TRBV11-2;TRBJ2-7_CASSLGTGGALTQYF,1.0
TRBV11-2;TRBJ2-7_CASSLGVQVEQYF,0.0
TRBV11-2;TRBJ2-7_CASSLSWTGAYEQYF,0.0
TRBV11-2;TRBJ2-7_CASSNRDRGGEQYF,0.0
TRBV11-2;TRBJ2-7_CASSPDPYEQYF,1.0
TRBV11-2;TRBJ2-7_CASSPGPYEQYF,0.0
TRBV11-2;TRBJ2-7_CASSPGTGVEQYF,0.0
TRBV11-2;TRBJ2-7_CASSPWRDSSYEQYF,1.0
TRBV11-2;TRBJ2-7_CASSSHFEQYF,0.0
TRBV11-2;TRBJ2-7_CASSTNAPGLAGAAMRF,0.0
TRBV11-2;TRBJ2-7_CASSWWQGDEQYF,1.0
TRBV11-2;TRBJ2-7_CASTPLRGTVYEQYF,0.0
TRBV11-3;TRBJ1-1_CASSVTGSTEAFF,0.0
TRBV11-3;TRBJ2-1_CASSLGIYNEQFF,1.0
TRBV11-3;TRBJ2-1_CASSPGTRWGSGGAYNEQFF,0.0
TRBV11-3;TRBJ2-1_CASSQGLAGGAEQFF,0.0
TRBV11-3;TRBJ2-1_CASSSRSSYNEQFF,0.0
TRBV11-3;TRBJ2-2_CASSFGGARGTGELFF,0.0
TRBV11-3;TRBJ2-2_CASSFRDPGELFF,0.0
TRBV11-3;TRBJ2-2_CASSMGGNTGELFF,1.0
TRBV11-3;TRBJ2-2_CASSQGGAGSTGELFF,1.0
TRBV11-3;TRBJ2-3_CASSSGPSHTDTQYF,0.0
TRBV11-3;TRBJ2-5_CASSSGQQETQYF,0.0
TRBV11-3;TRBJ2-7_CASSAHPSGEQYF,1.0
TRBV12-3;TRBJ1-1_CASNGQMNTEAFF,0.0
TRBV12-3;TRBJ1-1_CASRIDMMNTEAFF,0.0
TRBV12-3;TRBJ1-1_CASSFYKNTEAFF,0.0
TRBV12-3;TRBJ1-1_CASSLDLMGTEAFF,0.0
TRBV12-3;TRBJ1-1_CASSLERFGGYGTEAFF,0.0
TRBV12-3;TRBJ1-1_CASSLGPHANTEAFF,0.0
TRBV12-3;TRBJ1-1_CASSLGVLDTEAFF,0.0
TRBV12-3;TRBJ1-1_CASSLQRGTEAFF,0.0
TRBV12-3;TRBJ1-1_CASTPLGTNTEAFF,0.0
TRBV12-3;TRBJ1-2_CASKVGQGFYGYTF,0.0
TRBV12-3;TRBJ1-2_CASSLDRGRSGYTF,0.0
TRBV12-3;TRBJ1-2_CASSLGGEGTYGYTF,0.0
TRBV12-3;TRBJ1-2_CASSRDRGRSGYTF,0.0
TRBV12-3;TRBJ1-4_CASSPGTSNEKLFF,0.0
TRBV12-3;TRBJ1-5_CASSFGHPEPQHF,0.0
TRBV12-3;TRBJ1-5_CASSFLARGRVGRNQPQHF,0.0
TRBV12-3;TRBJ1-5_CASSLIIGGSNQPQHF,1.0
TRBV12-3;TRBJ1-5_CASSTGSGPQHF,0.0
TRBV12-3;TRBJ1-6_CASSLTGLENSPLHF,0.0
TRBV12-3;TRBJ1-6_CASSSNNSPLHF,0.0
TRBV12-3;TRBJ2-1_CASRPGTHNEQFF,0.0
TRBV12-3;TRBJ2-1_CASSLFGAGGSYNEQFF,0.0
TRBV12-3;TRBJ2-1_CASSLGLAAYNEQFF,1.0
TRBV12-3;TRBJ2-1_CASSLSGGVNEQFF,0.0
TRBV12-3;TRBJ2-1_CASSLTGEQFF,0.0
TRBV12-3;TRBJ2-1_CASSPRQNNEQFF,1.0
TRBV12-3;TRBJ2-1_CASSPYGTDPYNEQFF,0.0
TRBV12-3;TRBJ2-1_CASSRNRWDEQFF,0.0
TRBV12-3;TRBJ2-1_CASSSITSGRYNEQFF,0.0
TRBV12-3;TRBJ2-1_CASSSNNEQFF,0.0
TRBV12-3;TRBJ2-1_CASSSQKAYNEQFF,0.0
TRBV12-3;TRBJ2-1_CASSVQNNEQFF,0.0
TRBV12-3;TRBJ2-2_CASGLAGGNTGELFF,0.0
TRBV12-3;TRBJ2-2_CASNRGGTNTGELFF,0.0
TRBV12-3;TRBJ2-2_CASRQWANTGELFF,1.0
TRBV12-3;TRBJ2-2_CASSFPPGELFF,0.0
TRBV12-3;TRBJ2-2_CASSLAGVGTGELFF,0.0
TRBV12-3;TRBJ2-2_CASSPSRGPDTGELFF,0.0
TRBV12-3;TRBJ2-2_CASSPTEPTGELFF,0.0
TRBV12-3;TRBJ2-2_CASSPTGTGELFF,1.0
TRBV12-3;TRBJ2-2_CASSRLSNTGELFF,1.0
TRBV12-3;TRBJ2-2_CASTQGQGNTGELFF,0.0
TRBV12-3;TRBJ2-3_CASKAEVDTQYF,0.0
TRBV12-3;TRBJ2-3_CASRSFFGTDTQYF,0.0
TRBV12-3;TRBJ2-3_CASSFGGGTRGTDTQYF,0.0
TRBV12-3;TRBJ2-3_CASSFSNTDTQYF,0.0
TRBV12-3;TRBJ2-3_CASSLGGREMDTQYF,0.0
TRBV12-3;TRBJ2-3_CASSLRGTYGADTQYF,0.0
TRBV12-3;TRBJ2-3_CASSRGQSTDTQYF,0.0
TRBV12-3;TRBJ2-3_CASSRLAGVPDTQYF,0.0
TRBV12-3;TRBJ2-3_CASTIRVWDTQYF,0.0
TRBV12-3;TRBJ2-4_CASSLRGGTTNIQYF,0.0
TRBV12-3;TRBJ2-5_CASRRLDGGYLETQYF,1.0
TRBV12-3;TRBJ2-5_CASSFGQVETQYF,0.0
TRBV12-3;TRBJ2-5_CASSFTSEETQYF,0.0
TRBV12-3;TRBJ2-5_CASSLAGGKKETQYF,0.0
TRBV12-3;TRBJ2-5_CASSLGTSGRHRETQYF,0.0
TRBV12-3;TRBJ2-5_CASSPWGTRETQYF,1.0
TRBV12-3;TRBJ2-5_CASSSGSLSLETQYF,1.0
TRBV12-3;TRBJ2-7_CASSFRPPPGKSSYEQYF,0.0
TRBV12-3;TRBJ2-7_CASSFSDTQQYF,0.0
TRBV12-3;TRBJ2-7_CASSLAKGAAYEQYF,0.0
TRBV12-3;TRBJ2-7_CASSLDSPYEQYF,0.0
TRBV12-3;TRBJ2-7_CASSLGQGPHQVQQYF,0.0
TRBV12-3;TRBJ2-7_CASSLRGSYEQYF,0.0
TRBV12-4;TRBJ1-1_CASRDTRGTEAFF,0.0
TRBV12-4;TRBJ1-1_CASSLYGESTEAFF,0.0
TRBV12-4;TRBJ1-2_CAASRTNYGYTF,0.0
TRBV12-4;TRBJ1-2_CASRPPGQGGGYTF,0.0
TRBV12-4;TRBJ1-2_CASSLLQTGGKGGYTF,0.0
TRBV12-4;TRBJ1-3_CASSPFGNTIYF,0.0
TRBV12-4;TRBJ1-3_CASSRWTGLLRGSGNTIYF,1.0
TRBV12-4;TRBJ1-5_CASSQKGVGYQPQHF,1.0
TRBV12-4;TRBJ1-5_CASSRRDNNQPQHF,0.0
TRBV12-4;TRBJ1-6_CASRTGGNSPLHF,0.0
TRBV12-4;TRBJ2-1_CASRGQGQVLSYNEQFF,0.0
TRBV12-4;TRBJ2-1_CASRLPLDGSEQFF,0.0
TRBV12-4;TRBJ2-2_CASSFDTGELFF,0.0
TRBV12-4;TRBJ2-2_CASSLEAGAGELFF,0.0
TRBV12-4;TRBJ2-2_CASSLQGYPGELFF,0.0
TRBV12-4;TRBJ2-3_CASSEEGDTQYF,0.0
TRBV12-4;TRBJ2-5_CASSDNGAGEQETQYF,0.0
TRBV12-4;TRBJ2-5_CASSLKGSQETQYF,1.0
TRBV12-4;TRBJ2-5_CASSPGQGYQETQYF,0.0
TRBV12-4;TRBJ2-5_CASSRTPRGETQYF,0.0
TRBV12-4;TRBJ2-6_CASSSAGSSGANVLTF,0.0
TRBV12-4;TRBJ2-7_CASSGTSGGEQYF,0.0
TRBV12-4;TRBJ2-7_CASSISLPYEQYF,1.0
TRBV12-4;TRBJ2-7_CASSLRLAGGPYEQYF,0.0
TRBV12-4;TRBJ2-7_CASSPGLAGGESSYEQYF,0.0
TRBV12-5;TRBJ1-1_CASGLFSESWTNTEAFF,0.0
TRBV12-5;TRBJ2-2_CASSSGPETGELFF,0.0
TRBV13;TRBJ1-1_CASSLTLMNTEAFF,0.0
TRBV13;TRBJ1-1_CASTPRGEADTEAFF,1.0
TRBV13;TRBJ1-2_CASSERTVNYGYTF,0.0
TRBV13;TRBJ1-2_CASSLIFRTPTGYGYTF,0.0
TRBV13;TRBJ2-1_CASSFTGGYRGEQFF,0.0
TRBV13;TRBJ2-1_CASSLGSIAEKGYEQFF,0.0
TRBV13;TRBJ2-1_CASSSQGARTSGIYNEQFF,0.0
TRBV13;TRBJ2-2_CASSPGQALTGELFF,0.0
TRBV13;TRBJ2-2_CASSTRTSGTTHRLFF,0.0
TRBV13;TRBJ2-3_CASSFPGTSTDTQYF,1.0
TRBV13;TRBJ2-3_CASSHRGRTDTQYF,0.0
TRBV13;TRBJ2-3_CASSSLPDTQYF,1.0
TRBV13;TRBJ2-3_CASSYTKTDTQYF,0.0
TRBV13;TRBJ2-7_CASFVAGDPYEQYF,0.0
TRBV13;TRBJ2-7_CASSFWTSGRTYEQYF,1.0
TRBV13;TRBJ2-7_CASSLAGGPPSYEQYF,200000000.0
TRBV13;TRBJ2-7_CASSSHRERAYEQYF,0.0
TRBV13;TRBJ2-7_CASSSKREMGYEQYF,0.25
TRBV14;TRBJ1-1_CASSPVRGANTEAFF,0.0
TRBV14;TRBJ1-1_CASSQVSGAGTEAFF,0.0
TRBV14;TRBJ1-2_CASSLTGNGYTF,0.0
TRBV14;TRBJ1-2_CASSQGVGRNYGYTF,0.0
TRBV14;TRBJ1-2_CASSQYEQNYGYTF,1.0
TRBV14;TRBJ1-4_CASSQGTVRGEKLFF,0.0
TRBV14;TRBJ1-6_CASSPRQGSSSYNSPLHF,0.0
TRBV14;TRBJ1-6_CASSRLRPAYNSPLHF,1.0
TRBV14;TRBJ2-1_CASSIRTTRSNEQFF,1.0
TRBV14;TRBJ2-1_CASSLIAGAYNEQFF,0.0
TRBV14;TRBJ2-1_CASSLSFSMTSSEGNEQFF,0.0
TRBV14;TRBJ2-1_CASSQEKGILKSYNEQFF,0.0
TRBV14;TRBJ2-1_CASSQFRRLSYNEQFF,0.0
TRBV14;TRBJ2-2_CASSPSRGTGELFF,0.0
TRBV14;TRBJ2-2_CASSQDTGELFF,0.0
TRBV14;TRBJ2-2_CASSQKAGVTGELFF,0.0
TRBV14;TRBJ2-2_CASSQVRGGSGELFF,0.0
TRBV14;TRBJ2-2_CASSRRTATNTGELFF,0.0
TRBV14;TRBJ2-3_CASSQDPRAGDRPDTQYF,1.0
TRBV14;TRBJ2-3_CASSQVAGTADTQYF,1.0
TRBV14;TRBJ2-3_CASSTTRWPDTQYF,0.0
TRBV14;TRBJ2-7_CASSHRGVSYEQYF,0.0
TRBV14;TRBJ2-7_CASSKGQQTVYEQYF,0.0
TRBV14;TRBJ2-7_CASSPGLPYEQYF,0.0
TRBV14;TRBJ2-7_CASSQDRDEQYF,0.5
TRBV14;TRBJ2-7_CASSQNIADEQYF,0.0
TRBV14;TRBJ2-7_CASSQSAREQYF,0.0
TRBV14;TRBJ2-7_CASSQVGQGFYEQYF,0.0
TRBV14;TRBJ2-7_CASSSTGRGGKQYF,1.0
TRBV14;TRBJ2-7_CASSTDRVRQYF,0.0
TRBV15;TRBJ1-1_CASGAVGTEAFF,0.0
TRBV15;TRBJ1-1_CATSRGQSASEAFF,0.0
TRBV15;TRBJ1-1_CATSRNPRGTEAFF,0.0
TRBV15;TRBJ1-1_CATSTQRDTEAFF,0.0
TRBV15;TRBJ1-1_CATSTRWGTEAFF,0.0
TRBV15;TRBJ1-3_CATEKRGQGWNTIYF,0.0
TRBV15;TRBJ1-3_CATSRDLRGSGNTIYF,0.0
TRBV15;TRBJ1-4_CATSRRRQAGNEKLFF,0.0
TRBV15;TRBJ1-5_CATSRDRGREPQHF,1.0
TRBV15;TRBJ1-5_CATSRDRTENQPQHF,0.0
TRBV15;TRBJ2-1_CATRGTSGRNEQFF,0.0
TRBV15;TRBJ2-1_CATSRANRRYSYNEQFF,0.0
TRBV15;TRBJ2-1_CATSRAYPGTGDNEQFF,0.0
TRBV15;TRBJ2-1_CATSRDGGGGAYNEQFF,1.0
TRBV15;TRBJ2-1_CATSRGQPDSKSSYNEQFF,0.0
TRBV15;TRBJ2-1_CATSTTGGARNEQFF,0.0
TRBV15;TRBJ2-2_CASTRGANTGELFF,0.0
TRBV15;TRBJ2-2_CATRRDQGVTGELFF,0.0
TRBV15;TRBJ2-2_CATSRDRGLDGELFF,0.0
TRBV15;TRBJ2-3_CARNSGRGDTQYF,0.0
TRBV15;TRBJ2-3_CATSEQGAPTDTQYF,1.0
TRBV15;TRBJ2-3_CATSRGVAGGTDTQYF,0.0
TRBV15;TRBJ2-4_CATSRDESSITIQYF,0.0
TRBV15;TRBJ2-5_CATSAGRETQYF,0.0
TRBV15;TRBJ2-5_CATSGQRQETQYF,0.0
TRBV15;TRBJ2-5_CATSRAAETQYF,0.0
TRBV15;TRBJ2-5_CATSRDQAFQETQYF,0.0
TRBV15;TRBJ2-5_CATSRDRTGGETQYF,0.2
TRBV15;TRBJ2-5_CATSRDWSTQETQYF,0.0
TRBV15;TRBJ2-5_CATSRGASGSRETQYF,0.0
TRBV15;TRBJ2-5_CATSRGGGKETQYF,0.0
TRBV15;TRBJ2-5_CATSRSSKETQYF,0.0
TRBV15;TRBJ2-6_CATSHGQLVAGANVLTF,0.0
TRBV15;TRBJ2-6_CATSLTGDGANVLTF,0.0
TRBV15;TRBJ2-6_CATSRDRGSGANVLTF,0.0
TRBV15;TRBJ2-6_CATSRVVGTRTAGANVLTF,0.0
TRBV15;TRBJ2-7_CATSGGGYEQYF,0.0
TRBV15;TRBJ2-7_CATSHRQDYEQYF,0.0
TRBV15;TRBJ2-7_CATSRELYYEQYF,1.0
TRBV16;TRBJ1-1_CASSREMNTEAFF,0.0
TRBV16;TRBJ1-1_CASSRWGYTEAFF,0.0
TRBV16;TRBJ2-3_CASSQSRGGTDTQYF,1.0
TRBV18;TRBJ1-1_CASSIGTGYTEAFF,0.0
TRBV18;TRBJ1-1_CASSPGGGDTEAFF,0.0
TRBV18;TRBJ1-1_CASSPGQTNTEAFF,0.0
TRBV18;TRBJ1-1_CASSPLEGDTEAFF,0.0
TRBV18;TRBJ1-1_CASSPLTGDTEAFF,0.0
TRBV18;TRBJ1-1_CASSPPGQGAWSEAFF,0.0
TRBV18;TRBJ1-1_CASSPTPQGEAFF,1.0
TRBV18;TRBJ1-1_CASSPTRNTEAFF,0.0
TRBV18;TRBJ1-1_CASSRDRGMAFF,0.0
TRBV18;TRBJ1-1_CASSRELEAFF,0.0
TRBV18;TRBJ1-1_CASSSGNTEAFF,0.0
TRBV18;TRBJ1-1_CASSSTSFAAFMNTEAFF,0.0
TRBV18;TRBJ1-1_CASSYGTGNTEAFF,0.0
TRBV18;TRBJ1-2_CASSPGVNQRDGYTF,0.0
TRBV18;TRBJ1-2_CASSPPSVGGYTF,0.0
TRBV18;TRBJ1-2_CASSPTGQYKGYTF,0.0
TRBV18;TRBJ1-3_CASSPIRTDSSKLGNTIYF,0.0
TRBV18;TRBJ1-3_CASSRDRESGNTIYF,0.0
TRBV18;TRBJ1-4_CASSPAKQDNEKLFF,0.0
TRBV18;TRBJ1-4_CASSPDEDEKLFF,0.0
TRBV18;TRBJ1-4_CASSPSRHNEKLFF,0.0
TRBV18;TRBJ1-4_CASSPTGGEKLFF,0.0
TRBV18;TRBJ1-5_CASSPGTANQPQHF,0.0
TRBV18;TRBJ1-6_CASSPGQGSSPLHF,0.0
TRBV18;TRBJ1-6_CASSPLGQGGNSPLHF,1.0
TRBV18;TRBJ1-6_CASSRTGAKNSPLHF,0.0
TRBV18;TRBJ1-6_CASSSTGIRSPLHF,0.0
TRBV18;TRBJ2-1_CASSETGGAYNEQFF,0.0
TRBV18;TRBJ2-1_CASSLQGGSYNEQFF,0.0
TRBV18;TRBJ2-1_CASSPAASGGFSYNEQFF,0.0
TRBV18;TRBJ2-1_CASSPGASGYNEQFF,0.0
TRBV18;TRBJ2-1_CASSPGLGGDNEQFF,0.0
TRBV18;TRBJ2-1_CASSPKGNEQFF,0.0
TRBV18;TRBJ2-1_CASSPRLDNEQFF,0.0
TRBV18;TRBJ2-1_CASSPVAGVYNEQFF,0.0
TRBV18;TRBJ2-1_CASSRRGGASYNEQFF,0.0
TRBV18;TRBJ2-2_CASSPPGQGNTGELFF,0.0
TRBV18;TRBJ2-2_CASSPPTGLNTGELFF,0.0
TRBV18;TRBJ2-2_CASSPQGRTGELFF,0.0
TRBV18;TRBJ2-2_CASSPSGTRSPRNTGELFF,0.0
TRBV18;TRBJ2-2_CASSSADLRGELFF,0.0
TRBV18;TRBJ2-3_CASSPPSGTWDTQYF,1.0
TRBV18;TRBJ2-3_CASSPPTSGDTQYF,0.0
TRBV18;TRBJ2-3_CASSPQGAPDTQYF,0.0
TRBV18;TRBJ2-3_CASSPSRWASSVKVDTDTQYF,0.0
TRBV18;TRBJ2-3_CASSRYGERTDTQYF,0.0
TRBV18;TRBJ2-4_CASSPRPSGAHNPRSISIQYF,0.0
TRBV18;TRBJ2-5_CASSDEDGGETQYF,0.0
TRBV18;TRBJ2-5_CASSLGLAGGETQYF,0.0
TRBV18;TRBJ2-5_CASSLSGLETQYF,0.0
TRBV18;TRBJ2-5_CASSPAETQYF,0.0
TRBV18;TRBJ2-5_CASSPGPGETQYF,0.0
TRBV18;TRBJ2-5_CASSPGTTQETQYF,0.0
TRBV18;TRBJ2-5_CASSPPEIQETQYF,0.0
TRBV18;TRBJ2-5_CASSPPTSGGLQETQYF,0.0
TRBV18;TRBJ2-5_CASSRSSGTQETQYF,0.0
TRBV18;TRBJ2-5_CASSTSRGRGETQYF,0.0
TRBV18;TRBJ2-5_CASSVGEETQYF,0.0
TRBV18;TRBJ2-7_CASSADQHEQYF,0.0
TRBV18;TRBJ2-7_CASSLGQGSTYEQYF,0.0
TRBV18;TRBJ2-7_CASSLGTSGDEQYF,0.0
TRBV18;TRBJ2-7_CASSLSRGTLGYEQYF,0.0
TRBV18;TRBJ2-7_CASSPKAAGPYEQYF,0.0
TRBV18;TRBJ2-7_CASSPPGLAGEQYF,0.0
TRBV18;TRBJ2-7_CASSPYHSGAGEQYF,0.0
TRBV18;TRBJ2-7_CASSSGLSGDYEQYF,0.0
TRBV18;TRBJ2-7_CASSTTGESSYEQYF,0.0
TRBV18;TRBJ2-7_CATLAGEGNEQYF,0.0
TRBV19;TRBJ1-1_CASIQGYTEAFF,0.0
TRBV19;TRBJ1-1_CASQQGVVNTEAFF,1.0
TRBV19;TRBJ1-1_CASRAGQAKAFF,1.0
TRBV19;TRBJ1-1_CASSILGKAFF,1.0
TRBV19;TRBJ1-1_CASSIRLGLNTEAFF,0.0
TRBV19;TRBJ1-1_CASSITLKNTEAFF,1.0
TRBV19;TRBJ1-1_CASSLFENTEAFF,0.0
TRBV19;TRBJ1-1_CASSPDRPPNTEAFF,0.0
TRBV19;TRBJ1-1_CASSPKRTGTEAFF,0.0
TRBV19;TRBJ1-1_CASSPRANTEAFF,1.0
TRBV19;TRBJ1-1_CASSSDRGSTFF,1.0
TRBV19;TRBJ1-1_CASSTIDRGTEAFF,0.0
TRBV19;TRBJ1-1_CASSTLRGTEAFF,1.0
TRBV19;TRBJ1-1_CASTNLGGGGTEAFF,0.0
TRBV19;TRBJ1-1_CASTQGDLNTEAFF,0.0
TRBV19;TRBJ1-1_CATVGDRPNTEAFF,0.0
TRBV19;TRBJ1-2_CASREVLGNGYTF,0.0
TRBV19;TRBJ1-2_CASSIPGQGGYGYTF,0.0
TRBV19;TRBJ1-2_CASSIRDYGYTF,1.0
TRBV19;TRBJ1-2_CASSIVRTGGYTF,1.0
TRBV19;TRBJ1-2_CASSPLLGKGGYTF,1.0
TRBV19;TRBJ1-2_CASSSGQRLRYGYTF,0.0
TRBV19;TRBJ1-2_CASSSVTGRGYTF,0.0
TRBV19;TRBJ1-2_CASSTGDGYGYTF,0.0
TRBV19;TRBJ1-2_CASSTTAIRGYTF,0.0
TRBV19;TRBJ1-2_CASTNEGENGYTF,0.0
TRBV19;TRBJ1-2_CASTPSRIRGGFGYTF,0.0
TRBV19;TRBJ1-3_CASRGQGQGSGNTIYF,0.0
TRBV19;TRBJ1-3_CASRGQNSGNTIYF,0.0
TRBV19;TRBJ1-3_CASSIAGSGNTIYF,0.0
TRBV19;TRBJ1-3_CASSPPPDSSGNTIYF,0.0
TRBV19;TRBJ1-4_CASSSSGATNEKLFF,1.0
TRBV19;TRBJ1-5_CASELLGRGDQPQHF,0.0
TRBV19;TRBJ1-5_CASNMGRVNQPQHF,0.0
TRBV19;TRBJ1-5_CASSDREGQPQHF,0.0
TRBV19;TRBJ1-5_CASSIERTGRQPQHF,0.0
TRBV19;TRBJ1-5_CASSILGGGVTVQPQHF,0.0
TRBV19;TRBJ1-5_CASSITGSPQHF,0.0
TRBV19;TRBJ1-5_CASSMSVAYQPQHF,0.0
TRBV19;TRBJ1-5_CASSNRNNQPQHF,0.0
TRBV19;TRBJ1-5_CASSPINQPQHF,0.0
TRBV19;TRBJ1-5_CASSTGISNQPQHF,0.0
TRBV19;TRBJ1-5_CASSTRTGSQPQHF,0.0
TRBV19;TRBJ1-5_CASTLSGTGGNQPQHF,0.0
TRBV19;TRBJ2-1_CASKDQDSNSYNEQFF,1.0
TRBV19;TRBJ2-1_CASMTANSYNEQFF,0.0
TRBV19;TRBJ2-1_CASRGGGAGDYNEQFF,0.0
TRBV19;TRBJ2-1_CASRKTGGNEQFF,1.0
TRBV19;TRBJ2-1_CASRVSGGGNEQFF,0.0
TRBV19;TRBJ2-1_CASSDRGASGGYNEQFF,0.0
TRBV19;TRBJ2-1_CASSGRVVNEQFF,0.0
TRBV19;TRBJ2-1_CASSIARASGSQHEQFF,0.0
TRBV19;TRBJ2-1_CASSIFEGAAFYNEQFF,1.0
TRBV19;TRBJ2-1_CASSIGLAGAYNEQFF,0.0
TRBV19;TRBJ2-1_CASSIGRGQPTYNEQFF,0.0
TRBV19;TRBJ2-1_CASSISSRRNEQFF,1.0
TRBV19;TRBJ2-1_CASSIVGRWTPDYNEQFF,0.0
TRBV19;TRBJ2-1_CASSIVLARGGNEQFF,0.0
TRBV19;TRBJ2-1_CASSLGRKQFF,0.0
TRBV19;TRBJ2-1_CASSRTEYNEQFF,0.0
TRBV19;TRBJ2-1_CASSSDLALAGGRAEQFF,0.0
TRBV19;TRBJ2-1_CASTGVREQFF,0.0
TRBV19;TRBJ2-1_CATANTGGNEQFF,0.0
TRBV19;TRBJ2-2_CARRGRGLHTGELFF,0.0
TRBV19;TRBJ2-2_CASASRGDTGELFF,0.0
TRBV19;TRBJ2-2_CASGTSGGELFF,0.0
TRBV19;TRBJ2-2_CASKAASVEGTGELFF,1.0
TRBV19;TRBJ2-2_CASNPGTANTGELFF,1.0
TRBV19;TRBJ2-2_CASSIDTGGNTGELFF,0.0
TRBV19;TRBJ2-2_CASSIQGANTGELFF,0.0
TRBV19;TRBJ2-2_CASSMRGTGNTGELFF,0.0
TRBV19;TRBJ2-2_CASSNPHPELFF,1.0
TRBV19;TRBJ2-2_CASSPPPRTPPGELFF,0.0
TRBV19;TRBJ2-2_CASSSLAGANTGELFF,0.0
TRBV19;TRBJ2-2_CASSSSGTGHTGELFF,0.0
TRBV19;TRBJ2-2_CASTTGQTYGELFF,0.0
TRBV19;TRBJ2-2_CASWGGSKAGELFF,0.0
TRBV19;TRBJ2-3_CASSGLAGVPDTQYF,0.0
TRBV19;TRBJ2-3_CASSIGGTGPDTQYF,1.0
TRBV19;TRBJ2-3_CASSIGLAGTDTQYF,0.0
TRBV19;TRBJ2-3_CASSKLAGGPGGTDTQYF,1.0
TRBV19;TRBJ2-3_CASSPPGGTQYF,0.0
TRBV19;TRBJ2-3_CASSTFWGGTDTQYF,0.0
TRBV19;TRBJ2-4_CASSIDSGAKNIQYF,0.0
TRBV19;TRBJ2-4_CASSISLGLAKNIQYF,0.0
TRBV19;TRBJ2-4_CASSPTSWVAKNIQYF,0.0
TRBV19;TRBJ2-5_CASRPDRFQETQYF,0.0
TRBV19;TRBJ2-5_CASRQGGKETQYF,0.0
TRBV19;TRBJ2-5_CASSIESSAGGETQYF,0.0
TRBV19;TRBJ2-5_CASSINGGEEETQYF,0.0
TRBV19;TRBJ2-5_CASSISGNVKTQYF,0.0
TRBV19;TRBJ2-5_CASSIWRETQYF,0.0
TRBV19;TRBJ2-5_CASSRTSGKETQYF,1.0
TRBV19;TRBJ2-5_CASSSGPEATQYF,0.0
TRBV19;TRBJ2-5_CATRATGVETQYF,0.0
TRBV19;TRBJ2-6_CASSIGDTSGANVLTF,1.0
TRBV19;TRBJ2-6_CASSIGGTVFSGANVLTF,0.0
TRBV19;TRBJ2-6_CASSMGYSGANVLTF,1.0
TRBV19;TRBJ2-6_CASSNRGGSGANVLTF,1.0
TRBV19;TRBJ2-6_CASTSRANVLTF,0.0
TRBV19;TRBJ2-7_CASGRGSGYEQYF,0.0
TRBV19;TRBJ2-7_CASKTAVSSYEQYF,0.0
TRBV19;TRBJ2-7_CASMDRKSSYEQYF,0.0
TRBV19;TRBJ2-7_CASRDGSLNHEQYF,0.0
TRBV19;TRBJ2-7_CASRERLTSYEQYF,1.0
TRBV19;TRBJ2-7_CASSELAGPYEQYF,0.0
TRBV19;TRBJ2-7_CASSFSASYEQYF,1.0
TRBV19;TRBJ2-7_CASSILSGNSYEQYF,0.0
TRBV19;TRBJ2-7_CASSIQGVNDEQYF,1.0
TRBV19;TRBJ2-7_CASSKLQGLDEQYF,0.0
TRBV19;TRBJ2-7_CASSMSGSEQYF,0.0
TRBV19;TRBJ2-7_CASSMTGGNYEQYF,0.0
TRBV19;TRBJ2-7_CASSPGRKTYEQYF,0.0
TRBV19;TRBJ2-7_CASSPRTSGSMYEQYF,1.0
TRBV19;TRBJ2-7_CASSPTADLLNEQYF,0.0
TRBV19;TRBJ2-7_CASSSGSGDEQYF,0.0
TRBV19;TRBJ2-7_CASSSISSGPTYEQYF,0.0
TRBV19;TRBJ2-7_CASSTGGLSYEQYF,1.0
TRBV19;TRBJ2-7_CASSTLGGVEQYF,0.0
TRBV19;TRBJ2-7_CASSVGQGRDEQYF,0.3333333333333333
TRBV19;TRBJ2-7_CATRDQTYEQYF,0.0
TRBV20-1;TRBJ1-1_CSAAAQGPDGEAFF,1.0
TRBV20-1;TRBJ1-1_CSAKDGNTEAFF,0.0
TRBV20-1;TRBJ1-1_CSAKGVNTEAFF,0.0
TRBV20-1;TRBJ1-1_CSALQGLNTEAFF,0.0
TRBV20-1;TRBJ1-1_CSAMGQVGEAFF,0.0
TRBV20-1;TRBJ1-1_CSAPDPKGGNTEAFF,0.0
TRBV20-1;TRBJ1-1_CSAPDRENTEAFF,1.0
TRBV20-1;TRBJ1-1_CSARDQAGGRGTEAFF,0.0
TRBV20-1;TRBJ1-1_CSARGGKGTEAFF,1.0
TRBV20-1;TRBJ1-1_CSARKTGVTEAFF,0.0
TRBV20-1;TRBJ1-1_CSARNSDRGIFEAFF,1.0
TRBV20-1;TRBJ1-1_CSARPPRNTEAFF,0.0
TRBV20-1;TRBJ1-1_CSARRQGYTEAFF,0.0
TRBV20-1;TRBJ1-1_CSASDGQKDTEAFF,0.0
TRBV20-1;TRBJ1-1_CSASFRFAEAFF,0.0
TRBV20-1;TRBJ1-1_CSASGGGGTEAFF,0.0
TRBV20-1;TRBJ1-1_CSASIWGLSTEAFF,1.0
TRBV20-1;TRBJ1-1_CSASKDRVTEAFF,0.0
TRBV20-1;TRBJ1-1_CSASRGVWTEAFF,0.0
TRBV20-1;TRBJ1-1_CSASSGFTEAFF,0.0
TRBV20-1;TRBJ1-1_CSATDRDTEAFF,0.0
TRBV20-1;TRBJ1-1_CSATRDTEAFF,0.0
TRBV20-1;TRBJ1-1_CSPRGGQMNTEAFF,0.0
TRBV20-1;TRBJ1-1_CSVWLLNTEAFF,0.0
TRBV20-1;TRBJ1-2_CSADAGGNYGYTF,0.0
TRBV20-1;TRBJ1-2_CSAGRGRDGYTF,0.0
TRBV20-1;TRBJ1-2_CSAHYSLIKMGGYTF,0.0
TRBV20-1;TRBJ1-2_CSAKKGVYGYTF,0.0
TRBV20-1;TRBJ1-2_CSAPIPGLGYGYTF,1.0
TRBV20-1;TRBJ1-2_CSARAGSGPLYGYTF,0.0
TRBV20-1;TRBJ1-2_CSARGAAGNYGYTF,0.0
TRBV20-1;TRBJ1-2_CSARGQGNYGYTF,0.0
TRBV20-1;TRBJ1-2_CSARSGQGAQVGGYTF,0.0
TRBV20-1;TRBJ1-2_CSASGGNGYTF,1.0
TRBV20-1;TRBJ1-2_CSASGTGNYGYTF,0.0
TRBV20-1;TRBJ1-2_CSASPIGDGYTF,1.0
TRBV20-1;TRBJ1-2_CSASQVGYGYTF,0.0
TRBV20-1;TRBJ1-3_CSADPITSGNTIYF,0.0
TRBV20-1;TRBJ1-3_CSARPPGLGNTIYF,0.0
TRBV20-1;TRBJ1-3_CSASGGNTIYF,0.0
TRBV20-1;TRBJ1-3_CSATGARSGNTIYF,0.0
TRBV20-1;TRBJ1-4_CSAIFPGDEKLFF,0.0
TRBV20-1;TRBJ1-4_CSARDRRGAGEKLFF,0.0
TRBV20-1;TRBJ1-4_CSASNPGLLEKLFF,0.0
TRBV20-1;TRBJ1-4_CSASPPGGTDEKLFF,1.0
TRBV20-1;TRBJ1-5_CSAEGDRFYRGNQPQHF,1.0
TRBV20-1;TRBJ1-5_CSAFGQGLGQPQHF,1.0
TRBV20-1;TRBJ1-5_CSAGQEQQPQHF,0.0
TRBV20-1;TRBJ1-5_CSAKLSGSNQPQHF,0.0
TRBV20-1;TRBJ1-5_CSAKRAGQPQHF,0.0
TRBV20-1;TRBJ1-5_CSAKSTGGSQPQHF,0.0
TRBV20-1;TRBJ1-5_CSARDWSSGGQPQHF,0.0
TRBV20-1;TRBJ1-5_CSARGGAQNQPQHF,0.0
TRBV20-1;TRBJ1-5_CSARGHGNQPQHF,0.0
TRBV20-1;TRBJ1-5_CSARQTGGGNQPQHF,0.0
TRBV20-1;TRBJ1-5_CSARVTGLRGQPQHF,0.0
TRBV20-1;TRBJ1-5_CSASRSGRGDQPQHF,1.0
TRBV20-1;TRBJ1-5_CSVSQGPNQPQHF,0.08333333333333333
TRBV20-1;TRBJ1-6_CSACQTSSYNSPLHF,0.0
TRBV20-1;TRBJ1-6_CSAIILVGSYNSPLHF,0.0
TRBV20-1;TRBJ1-6_CSAITPGTGIGSPLHF,0.0
TRBV20-1;TRBJ1-6_CSAKTGTDNSPLHF,0.0
TRBV20-1;TRBJ1-6_CSARDHGRGDNSPLHF,0.2
TRBV20-1;TRBJ1-6_CSARDLRTGGSYNSPLHF,0.0
TRBV20-1;TRBJ1-6_CSARDMGQGDNSPLHF,0.0
TRBV20-1;TRBJ1-6_CSARDMKVSTLHF,0.0
TRBV20-1;TRBJ1-6_CSARDYQENSPLHF,0.0
TRBV20-1;TRBJ1-6_CSAREGRDGRYF,0.0
TRBV20-1;TRBJ1-6_CSARGTENSPLHF,0.0
TRBV20-1;TRBJ1-6_CSASAGTGGNSPLHF,0.0
TRBV20-1;TRBJ1-6_CSASDGETDNSPLHF,0.0
TRBV20-1;TRBJ1-6_CSASGQGGFSSPLHF,1.0
TRBV20-1;TRBJ1-6_CSASRDGAGNSPLHF,0.0
TRBV20-1;TRBJ1-6_CSGRQGSLDNSPLHF,1.0
TRBV20-1;TRBJ1-6_CSVLRDHNSPLHF,0.0
TRBV20-1;TRBJ2-1_CSAEGGLKNNEQFF,0.0
TRBV20-1;TRBJ2-1_CSAGQGIEEQFF,0.0
TRBV20-1;TRBJ2-1_CSAGTNSYNEQFF,1.0
TRBV20-1;TRBJ2-1_CSAITGTSVLNEQFF,1.0
TRBV20-1;TRBJ2-1_CSAPDRGQGTNEQFF,1.0
TRBV20-1;TRBJ2-1_CSAPGLAGYNEQFF,1.0
TRBV20-1;TRBJ2-1_CSAPGQGRDGEQFF,0.0
TRBV20-1;TRBJ2-1_CSAPGTSGGYNEQFF,0.0
TRBV20-1;TRBJ2-1_CSAPPPGQPINEQFF,0.0
TRBV20-1;TRBJ2-1_CSAPQLDVSGRQFF,0.0
TRBV20-1;TRBJ2-1_CSAPRLAGEGNEQFF,0.0
TRBV20-1;TRBJ2-1_CSAPVREGRSYNEQFF,0.0
TRBV20-1;TRBJ2-1_CSAQISGRDSNEQFF,0.0
TRBV20-1;TRBJ2-1_CSARAPSGGALDEQFF,0.0
TRBV20-1;TRBJ2-1_CSARDAASGDEQFF,0.0
TRBV20-1;TRBJ2-1_CSARDFSGTYNEQFF,0.0
TRBV20-1;TRBJ2-1_CSARDGLAYYNEQFF,0.0
TRBV20-1;TRBJ2-1_CSARDGTKAYNEQFF,0.0
TRBV20-1;TRBJ2-1_CSARDPSGGTNEQFF,0.0
TRBV20-1;TRBJ2-1_CSARDQQGDEQFF,0.0
TRBV20-1;TRBJ2-1_CSARDRGRGLDGQFF,0.0
TRBV20-1;TRBJ2-1_CSARDWASGSSYNEQFF,0.0
TRBV20-1;TRBJ2-1_CSARDYGSAGAHHEQFF,0.0
TRBV20-1;TRBJ2-1_CSAREAGVSYNEQFF,1.0
TRBV20-1;TRBJ2-1_CSAREFRAGNEQFF,0.0
TRBV20-1;TRBJ2-1_CSARGLAGGYEQFF,0.0
TRBV20-1;TRBJ2-1_CSARGLGTSGGFKYNEQFF,0.0
TRBV20-1;TRBJ2-1_CSARGLPAFVYNEQFF,0.0
TRBV20-1;TRBJ2-1_CSARLAGAYNEQFF,0.0
TRBV20-1;TRBJ2-1_CSARNPTGYEQFF,0.0
TRBV20-1;TRBJ2-1_CSARPRTSSYNEQFF,0.0
TRBV20-1;TRBJ2-1_CSARQGLAGPYNEQFF,0.0
TRBV20-1;TRBJ2-1_CSARRIISYNEQFF,0.0
TRBV20-1;TRBJ2-1_CSARSGLDYNEQFF,1.0
TRBV20-1;TRBJ2-1_CSARSKRTSPIPSSYNEQFF,0.0
TRBV20-1;TRBJ2-1_CSARTSGANEQFF,0.0
TRBV20-1;TRBJ2-1_CSARWDRGFSNEQFF,0.0
TRBV20-1;TRBJ2-1_CSASGGAMNEQFF,0.0
TRBV20-1;TRBJ2-1_CSASGVSGRNEQFF,0.0
TRBV20-1;TRBJ2-1_CSASIEFEQFF,1.0
TRBV20-1;TRBJ2-1_CSASLAESSYNEQFF,1.0
TRBV20-1;TRBJ2-1_CSASLAGGEQFF,0.0
TRBV20-1;TRBJ2-1_CSASPGQGRVYNEQFF,0.0
TRBV20-1;TRBJ2-1_CSASRQGGSYNEQFF,0.0
TRBV20-1;TRBJ2-1_CSASSFDEQFF,0.0
TRBV20-1;TRBJ2-1_CSASWNNEQFF,0.0
TRBV20-1;TRBJ2-1_CSATLQGEGYNEQFF,0.0
TRBV20-1;TRBJ2-1_CSATLSGNEQFF,0.0
TRBV20-1;TRBJ2-1_CSATRGLAGLYNEQFF,0.0
TRBV20-1;TRBJ2-1_CSATVPGARSNEQFF,0.0
TRBV20-1;TRBJ2-1_CSEYSLAGGLAQGNEQFF,1.0
TRBV20-1;TRBJ2-1_CSVLLAGDHYNEQFF,0.0
TRBV20-1;TRBJ2-2_CSAASITGELFF,0.0
TRBV20-1;TRBJ2-2_CSANPGQLTTNTGELFF,0.0
TRBV20-1;TRBJ2-2_CSAPPSGGATGELFF,0.0
TRBV20-1;TRBJ2-2_CSAPSPSGMDTGELFF,0.0
TRBV20-1;TRBJ2-2_CSAQPGQGTIGELFF,1.0
TRBV20-1;TRBJ2-2_CSARDGAKQGTGELFF,0.0
TRBV20-1;TRBJ2-2_CSARDSPKGDTGELFF,0.0
TRBV20-1;TRBJ2-2_CSARPDSNTGELFF,0.0
TRBV20-1;TRBJ2-2_CSARTLPGQGEMNTGELFF,1.0
TRBV20-1;TRBJ2-2_CSARVTGDTGELFF,0.0
TRBV20-1;TRBJ2-2_CSASNPGQGDTGELFF,0.0
TRBV20-1;TRBJ2-2_CSASVRGREAIGELFF,0.0
TRBV20-1;TRBJ2-2_CSATSGGAGAGELFF,0.0
TRBV20-1;TRBJ2-3_CSADRGTHSEDTQYF,200000000.0
TRBV20-1;TRBJ2-3_CSAFTGEEDTQYF,0.0
TRBV20-1;TRBJ2-3_CSAGRGGTDTQYF,0.0
TRBV20-1;TRBJ2-3_CSAGRIYDTQYF,0.0
TRBV20-1;TRBJ2-3_CSAHATLDYSLHPGVDTQYF,0.0
TRBV20-1;TRBJ2-3_CSAHLSGGADTQYF,0.0
TRBV20-1;TRBJ2-3_CSAIPRITRGDTQYF,0.0
TRBV20-1;TRBJ2-3_CSAITGDGADTQYF,1.0
TRBV20-1;TRBJ2-3_CSAIWGSTDTQYF,0.0
TRBV20-1;TRBJ2-3_CSAKLAGGRDTQYF,0.0
TRBV20-1;TRBJ2-3_CSAKPGGSTDTQYF,0.0
TRBV20-1;TRBJ2-3_CSALAGGPADTQYF,0.0
TRBV20-1;TRBJ2-3_CSALPGVAGGRADTQYF,0.0
TRBV20-1;TRBJ2-3_CSAMFPSGGEVGTQYF,0.0
TRBV20-1;TRBJ2-3_CSANRDRGTDTQYF,0.0
TRBV20-1;TRBJ2-3_CSAPDSQGTDTQYF,0.0
TRBV20-1;TRBJ2-3_CSAPISGGDTQYF,0.0
TRBV20-1;TRBJ2-3_CSARAGLAGEQSTDTQYF,0.0
TRBV20-1;TRBJ2-3_CSARAGTADTQYF,0.0
TRBV20-1;TRBJ2-3_CSARARGPSDTQYF,0.0
TRBV20-1;TRBJ2-3_CSARATSGTDTQYF,0.0
TRBV20-1;TRBJ2-3_CSARDHLAGGPADTQYF,0.0
TRBV20-1;TRBJ2-3_CSARDMKDTQYF,1.0
TRBV20-1;TRBJ2-3_CSARDPRAGGTDTQYF,0.0
TRBV20-1;TRBJ2-3_CSARDPTGGDADTQYF,0.0
TRBV20-1;TRBJ2-3_CSARDQGGIRNTQYF,0.0
TRBV20-1;TRBJ2-3_CSARDRDWTAPGRGDTQYF,0.0
TRBV20-1;TRBJ2-3_CSARDSTATQYF,0.0
TRBV20-1;TRBJ2-3_CSARDWMDTQYF,200000000.0
TRBV20-1;TRBJ2-3_CSARDYPRSTDTQYF,0.0
TRBV20-1;TRBJ2-3_CSARGRIRTDTQYF,0.0
TRBV20-1;TRBJ2-3_CSARHTGSQAGGPTDTQYF,0.0
TRBV20-1;TRBJ2-3_CSARRASPDTQYF,0.0
TRBV20-1;TRBJ2-3_CSARRTGATDTQYF,0.0
TRBV20-1;TRBJ2-3_CSARSPAADTQYF,0.0
TRBV20-1;TRBJ2-3_CSARSYAAEGLGNSVTQYF,0.0
TRBV20-1;TRBJ2-3_CSARTARAGSTDTQYF,0.0
TRBV20-1;TRBJ2-3_CSARTSTDTQYF,0.0
TRBV20-1;TRBJ2-3_CSARVVDTQYF,0.0
TRBV20-1;TRBJ2-3_CSASDRGTSGYTDTQYF,0.0
TRBV20-1;TRBJ2-3_CSASGLAGAVDTQYF,0.0
TRBV20-1;TRBJ2-3_CSASLGTSGRADTQYF,0.0
TRBV20-1;TRBJ2-3_CSASSGLAGTDTQYF,0.0
TRBV20-1;TRBJ2-3_CSATEGPERDTQYF,0.0
TRBV20-1;TRBJ2-3_CSATNLGQGTDTQYF,0.0
TRBV20-1;TRBJ2-3_CSATVAGGGGRTDTQYF,0.0
TRBV20-1;TRBJ2-3_CSAVTSPRTDTQYF,0.0
TRBV20-1;TRBJ2-3_CSAYSGRATDTQYF,1.0
TRBV20-1;TRBJ2-3_CSYPTGSTDTQYF,0.0
TRBV20-1;TRBJ2-4_CSAGSGSTDKNIQYF,0.0
TRBV20-1;TRBJ2-4_CSAKKEPALAKNIQYF,0.0
TRBV20-1;TRBJ2-4_CSAPTLLAKNIQYF,1.0
TRBV20-1;TRBJ2-4_CSARDRQLAKNIQYF,1.0
TRBV20-1;TRBJ2-4_CSAREANIQYF,0.0
TRBV20-1;TRBJ2-5_CRCSGTSTQYF,0.0
TRBV20-1;TRBJ2-5_CSAGGAYQETQYF,1.0
TRBV20-1;TRBJ2-5_CSAGPGTETQYF,1.0
TRBV20-1;TRBJ2-5_CSAGQETQYF,0.0
TRBV20-1;TRBJ2-5_CSAILTGGKTQYF,0.0
TRBV20-1;TRBJ2-5_CSAKSGRESETQYF,0.0
TRBV20-1;TRBJ2-5_CSANRGNQETQYF,0.0
TRBV20-1;TRBJ2-5_CSAPDEGGLEGTQYF,0.0
TRBV20-1;TRBJ2-5_CSAPGTSGGAGVETQYF,0.0
TRBV20-1;TRBJ2-5_CSAPILPGSQETQYF,0.0
TRBV20-1;TRBJ2-5_CSAPNWASQETQYF,0.0
TRBV20-1;TRBJ2-5_CSARDIGGLGETQYF,0.0
TRBV20-1;TRBJ2-5_CSARDPGRKDQETQYF,0.0
TRBV20-1;TRBJ2-5_CSARDPQIQEETQYF,0.0
TRBV20-1;TRBJ2-5_CSAREGLTQETQYF,0.0
TRBV20-1;TRBJ2-5_CSARELASDQETQYF,0.0
TRBV20-1;TRBJ2-5_CSARERGQVDQETQYF,0.0
TRBV20-1;TRBJ2-5_CSARERPGRKQETQYF,0.0
TRBV20-1;TRBJ2-5_CSARGDSGRETQYF,0.0
TRBV20-1;TRBJ2-5_CSARGPGETQYF,0.0
TRBV20-1;TRBJ2-5_CSARLAGGQETQYF,0.0
TRBV20-1;TRBJ2-5_CSARRDRGLAGVQETQYF,0.0
TRBV20-1;TRBJ2-5_CSARRGGSSRETQYF,0.0
TRBV20-1;TRBJ2-5_CSARSGGGYETQYF,0.0
TRBV20-1;TRBJ2-5_CSARTSGRRETQYF,0.0
TRBV20-1;TRBJ2-5_CSASNIAGVRETQYF,0.0
TRBV20-1;TRBJ2-5_CSASTGLAGVRETQYF,1.0
TRBV20-1;TRBJ2-5_CSASVPAGETQYF,0.0
TRBV20-1;TRBJ2-5_CSASWSRTETQYF,0.0
TRBV20-1;TRBJ2-5_CSATLGPERETQYF,0.0
TRBV20-1;TRBJ2-5_CSATLVGLEQETQYF,0.0
TRBV20-1;TRBJ2-5_CSATPVSGTSGTVAQYF,1.0
TRBV20-1;TRBJ2-5_CSFTATQETQYF,0.0
TRBV20-1;TRBJ2-5_CSGQTHQETQYF,0.0
TRBV20-1;TRBJ2-5_CSTIRNGETQYF,0.0
TRBV20-1;TRBJ2-5_CSVLDRGGTQYF,0.0
TRBV20-1;TRBJ2-5_CSVQTRGLETQYF,0.0
TRBV20-1;TRBJ2-6_CSARDLLSGANVLTF,0.0
TRBV20-1;TRBJ2-6_CSASTGSRGANVLTF,0.0
TRBV20-1;TRBJ2-7_CSAAGGRSSYEQYF,0.0
TRBV20-1;TRBJ2-7_CSAAMTGTYEQYF,0.0
TRBV20-1;TRBJ2-7_CSAARQGIRYEQYF,0.0
TRBV20-1;TRBJ2-7_CSAEMGTSGTYEQYF,1.0
TRBV20-1;TRBJ2-7_CSAFSGLAGEQYF,0.0
TRBV20-1;TRBJ2-7_CSAIGGSHEQYF,0.0
TRBV20-1;TRBJ2-7_CSAILAGTYEQYF,0.0
TRBV20-1;TRBJ2-7_CSAKAVSSYEQYF,0.0
TRBV20-1;TRBJ2-7_CSALDPDRTTYEQYF,0.0
TRBV20-1;TRBJ2-7_CSAMGLAGGLDEQYF,0.0
TRBV20-1;TRBJ2-7_CSAPFAYEQYF,0.0
TRBV20-1;TRBJ2-7_CSAPLAGNSYEQYF,0.0
TRBV20-1;TRBJ2-7_CSAPRAGETYEQYF,1.0
TRBV20-1;TRBJ2-7_CSAPTDRDPYEQYF,1.0
TRBV20-1;TRBJ2-7_CSAPTPTGAEGEQYF,0.0
TRBV20-1;TRBJ2-7_CSARATGTGRFEQYF,0.0
TRBV20-1;TRBJ2-7_CSARDDWAYEQYF,0.0
TRBV20-1;TRBJ2-7_CSARDGSYEQYF,0.0
TRBV20-1;TRBJ2-7_CSARDIFGGSREQYF,0.0
TRBV20-1;TRBJ2-7_CSARDIRRTYEQYF,0.0
TRBV20-1;TRBJ2-7_CSARDLAAGDSYEQYF,0.0
TRBV20-1;TRBJ2-7_CSARDPGRDDEQYF,0.0
TRBV20-1;TRBJ2-7_CSARDQQREYEQYF,0.0
TRBV20-1;TRBJ2-7_CSAREARSSYEQYF,0.0
TRBV20-1;TRBJ2-7_CSAREGLAGDYEQYF,0.0
TRBV20-1;TRBJ2-7_CSAREQGAFFGEQYF,0.0
TRBV20-1;TRBJ2-7_CSARGLAGYEQYF,0.0
TRBV20-1;TRBJ2-7_CSARGPDREYEQYF,0.0
TRBV20-1;TRBJ2-7_CSARKLGTTATNYYEQYF,0.0
TRBV20-1;TRBJ2-7_CSARKVEGAAYEQYF,0.0
TRBV20-1;TRBJ2-7_CSARLAGTATYEQYF,0.0
TRBV20-1;TRBJ2-7_CSARLFGQGAGHEQYF,1.0
TRBV20-1;TRBJ2-7_CSARMPSGYYEQYF,0.0
TRBV20-1;TRBJ2-7_CSARPLAGPTYEQYF,0.0
TRBV20-1;TRBJ2-7_CSARPTDNEQYF,0.0
TRBV20-1;TRBJ2-7_CSARSRDRGTYEQYF,0.0
TRBV20-1;TRBJ2-7_CSARSSRLVAYEQYF,1.0
TRBV20-1;TRBJ2-7_CSARTGEFYEQYF,0.0
TRBV20-1;TRBJ2-7_CSARVNEYEQYF,0.0
TRBV20-1;TRBJ2-7_CSASDGGVYEQYF,1.0
TRBV20-1;TRBJ2-7_CSASGTALYEQYF,0.0
TRBV20-1;TRBJ2-7_CSASHWEQYF,0.0
TRBV20-1;TRBJ2-7_CSASIQGAYEQYF,1.0
TRBV20-1;TRBJ2-7_CSATDRGYEQYF,0.0
TRBV20-1;TRBJ2-7_CSATGQVIPPPYYEQYF,0.0
TRBV20-1;TRBJ2-7_CSATTRRNRGSHEQYF,0.0
TRBV20-1;TRBJ2-7_CSATVGQGIRHEQYF,0.0
TRBV20-1;TRBJ2-7_CSAVQNEQYF,0.0
TRBV20-1;TRBJ2-7_CSAYSGITYEQYF,0.0
TRBV20-1;TRBJ2-7_CSFTGFSYEQYF,0.0
TRBV24-1;TRBJ1-2_CATSDGPGVNYGYTF,0.0
TRBV24-1;TRBJ1-2_CATSEGLNYGYTF,0.0
TRBV24-1;TRBJ1-3_CATSDLHQENGNTIYF,0.0
TRBV24-1;TRBJ2-1_CATRGTGARNEQFF,1.0
TRBV24-1;TRBJ2-1_CATSDAQGGWDNEQFF,0.0
TRBV24-1;TRBJ2-1_CATSDLWARENEQFF,0.0
TRBV24-1;TRBJ2-1_CATSDPGQSGWINEQFF,0.0
TRBV24-1;TRBJ2-1_CATSDWTDAYEQFF,0.0
TRBV24-1;TRBJ2-1_CATSDYAEQFF,0.0
TRBV24-1;TRBJ2-1_CATTSTAGEQFF,0.0
TRBV24-1;TRBJ2-2_CATSDGTSGGLSTGELFF,0.0
TRBV24-1;TRBJ2-2_CATSDRKRLAGDGGELFF,0.0
TRBV24-1;TRBJ2-2_CATSDSLGASGLHGELFF,0.0
TRBV24-1;TRBJ2-2_CATSEKPHGSYTGELFF,0.0
TRBV24-1;TRBJ2-2_CATSVGQGNTGELFF,0.0
TRBV24-1;TRBJ2-3_CATGGDVTDTQYF,0.0
TRBV24-1;TRBJ2-3_CATSFRKDGFTSTDTQYF,0.0
TRBV24-1;TRBJ2-4_CATSEGRQGWVKNIQYF,0.0
TRBV24-1;TRBJ2-5_CATSDFGTGRETQYF,1.0
TRBV24-1;TRBJ2-5_CATSDGTGSETQYF,0.0
TRBV24-1;TRBJ2-5_CATSDLGRAGAKETQYF,1.0
TRBV24-1;TRBJ2-5_CATSDLNGSILDQETQYF,0.0
TRBV24-1;TRBJ2-5_CATSDQGQETQYF,0.0
TRBV24-1;TRBJ2-5_CATSPGGAQETQYF,0.0
TRBV24-1;TRBJ2-7_CATSDSDRSYEQYF,0.0
TRBV24-1;TRBJ2-7_CATSRSYEQYF,0.0
TRBV25-1;TRBJ1-1_CASRDRMNTEAFF,0.0
TRBV25-1;TRBJ1-1_CASRQAGRDLGNTEAFF,0.0
TRBV25-1;TRBJ1-1_CASSPGGNTEAFF,1.0
TRBV25-1;TRBJ1-1_CASSRDSRGTEAFF,0.0
TRBV25-1;TRBJ1-3_CASTGSNSGNTIYF,1.0
TRBV25-1;TRBJ1-4_CASSIGTNEKLFF,0.0
TRBV25-1;TRBJ1-5_CASSGADHSNQPQHF,1.0
TRBV25-1;TRBJ1-6_CASSEWNQGDSPLHF,0.0
TRBV25-1;TRBJ1-6_CASSSSGQGGNSPLHF,0.0
TRBV25-1;TRBJ1-6_CATSTGTNSPLHF,0.0
TRBV25-1;TRBJ2-1_CASSESGTSSYNEQFF,0.0
TRBV25-1;TRBJ2-2_CASRFLGELFF,0.0
TRBV25-1;TRBJ2-2_CASRGDRVTGELFF,0.0
TRBV25-1;TRBJ2-2_CASSDVVGTGELFF,0.0
TRBV25-1;TRBJ2-2_CASSTPPGEDTGELFF,0.0
TRBV25-1;TRBJ2-3_CASSDPKGLASTDTQYF,0.0
TRBV25-1;TRBJ2-3_CASSEAEPPRDTQYF,1.0
TRBV25-1;TRBJ2-4_CASSEFRQGRNIQYF,0.0
TRBV25-1;TRBJ2-5_CASSESGGGKETQYF,0.0
TRBV25-1;TRBJ2-7_CASSDPVTYEQYF,0.0
TRBV25-1;TRBJ2-7_CASSELEGAKYEQYF,0.0
TRBV25-1;TRBJ2-7_CASSETYEQYF,0.0
TRBV25-1;TRBJ2-7_CASSPDNNYEQYF,0.0
TRBV25-1;TRBJ2-7_CASTATGSWGEQYF,1.0
TRBV27;TRBJ1-1_CASALRGWTEAFF,0.0
TRBV27;TRBJ1-1_CASKGGDGLEAFF,0.0
TRBV27;TRBJ1-1_CASRDSTGGATEAFF,0.0
TRBV27;TRBJ1-1_CASRSRTSEAFF,0.0
TRBV27;TRBJ1-1_CASSIAVNTEAFF,0.0
TRBV27;TRBJ1-1_CASSLARMNTEAFF,0.0
TRBV27;TRBJ1-1_CASSLGGPTEAFF,0.0
TRBV27;TRBJ1-1_CASSLRPPGTGNTEAFF,0.0
TRBV27;TRBJ1-1_CASSLSNSEGARKNTEAFF,0.0
TRBV27;TRBJ1-1_CASSPHGQGRRTEAFF,0.0
TRBV27;TRBJ1-1_CASSRLPGMNTEAFF,0.0
TRBV27;TRBJ1-1_CASSSGQWNTEAFF,1.0
TRBV27;TRBJ1-1_CASSTEPGHTEAFF,0.0
TRBV27;TRBJ1-1_CASSYRGMNTEAFF,1.0
TRBV27;TRBJ1-2_CASSDGNPDYTF,1.0
TRBV27;TRBJ1-2_CASSSGESYTF,0.0
TRBV27;TRBJ1-4_CASRGSANEKLFF,0.0
TRBV27;TRBJ1-4_CASSSGSNEKLFF,0.0
TRBV27;TRBJ1-5_CASSLGGASNQPQHF,0.0
TRBV27;TRBJ1-5_CASSSGQAQPQHF,0.0
TRBV27;TRBJ1-6_CASRIRTRRYNSPLHF,0.0
TRBV27;TRBJ1-6_CASSLRSGYNSPLHF,0.0
TRBV27;TRBJ1-6_CASSSAGTANSPLHF,0.0
TRBV27;TRBJ1-6_CASSSWTGYNSPLHF,0.0
TRBV27;TRBJ2-1_CASKGTGSDAGYNEQFF,0.4
TRBV27;TRBJ2-1_CASRPGANSYNEQFF,0.0
TRBV27;TRBJ2-1_CASSLDEQFF,0.0
TRBV27;TRBJ2-1_CASSMYNEQFF,1.0
TRBV27;TRBJ2-1_CASSPDLKSSYNEQFF,0.0
TRBV27;TRBJ2-1_CASSPLLTGTDYNEQFF,0.0
TRBV27;TRBJ2-1_CASSWDRAYNEQFF,0.0
TRBV27;TRBJ2-1_CATPNRGTYNEQFF,0.0
TRBV27;TRBJ2-2_CASRPTRSTGELFF,0.0
TRBV27;TRBJ2-2_CASSFDTPGQGYAGELFF,0.0
TRBV27;TRBJ2-2_CASSQNTGELFF,1.0
TRBV27;TRBJ2-3_CASRSEDTQYF,0.0
TRBV27;TRBJ2-3_CASSGDTAGVRDTQYF,1.0
TRBV27;TRBJ2-3_CASSLNKATDTQYF,0.0
TRBV27;TRBJ2-3_CASSLWGRADTQYF,1.0
TRBV27;TRBJ2-3_CASSPSQGTDTQYF,1.0
TRBV27;TRBJ2-3_CASSQRTSGISTDTQYF,0.0
TRBV27;TRBJ2-4_CASSLFSPRGGNIQYF,1.0
TRBV27;TRBJ2-5_CASPRDRDETQYF,0.0
TRBV27;TRBJ2-5_CASSARQGSQTQYF,0.0
TRBV27;TRBJ2-5_CASSLGGTDRGLETQYF,0.0
TRBV27;TRBJ2-5_CASSLKYTQETQYF,0.0
TRBV27;TRBJ2-5_CASSLYSTAETQYF,0.0
TRBV27;TRBJ2-6_CASRGTGSLIWANVLTF,0.0
TRBV27;TRBJ2-6_CASSLGPSGANVLTF,0.25
TRBV27;TRBJ2-7_CASSFSDGRRQYF,0.0
TRBV27;TRBJ2-7_CASSLAGGTTGEQYF,0.0
TRBV27;TRBJ2-7_CASSLGLAGVNEQYF,0.0
TRBV27;TRBJ2-7_CASSLSLAGVNEQYF,0.0
TRBV27;TRBJ2-7_CASSPLSGRSSYEQYF,0.0
TRBV27;TRBJ2-7_CASSPSWQAVSEQYF,0.0
TRBV27;TRBJ2-7_CASSPTGQGNSYEQYF,0.0
TRBV27;TRBJ2-7_CASSRSGQIYEQYF,0.0
TRBV27;TRBJ2-7_CASSSGTGDINEQYF,0.0
TRBV27;TRBJ2-7_CASSSLRLAGMVRRYF,0.0
TRBV27;TRBJ2-7_CASSSREGSYEQYF,0.0
TRBV27;TRBJ2-7_CASSSRPTGGIYEQYF,0.0
TRBV27;TRBJ2-7_CASSTSTGTGPPYEQYF,1.0
TRBV27;TRBJ2-7_CASSWDREAYEQYF,0.0
TRBV28;TRBJ1-1_CASADGQNTEAFF,0.0
TRBV28;TRBJ1-1_CASLDRGGTEAFF,0.0
TRBV28;TRBJ1-1_CASLVDGTEAFF,0.0
TRBV28;TRBJ1-1_CASMRNTEAFF,0.0
TRBV28;TRBJ1-1_CASRWAVDTEAFF,0.0
TRBV28;TRBJ1-1_CASRWHGGSRNTEAFF,0.0
TRBV28;TRBJ1-1_CASSDHGFEAFF,0.0
TRBV28;TRBJ1-1_CASSDTSVNTEAFF,0.0
TRBV28;TRBJ1-1_CASSFLWGARSGTEAFF,0.0
TRBV28;TRBJ1-1_CASSFSGIPREAFF,0.0
TRBV28;TRBJ1-1_CASSLGHTEAFF,0.0
TRBV28;TRBJ1-1_CASSLRGSGYTEAFF,0.0
TRBV28;TRBJ1-1_CASSPGGVNTEAFF,0.0
TRBV28;TRBJ1-1_CASSPGTAANTEAFF,1.0
TRBV28;TRBJ1-1_CASSSRGTGRTEAFF,1.0
TRBV28;TRBJ1-1_CASSSSGGRAEAFF,0.0
TRBV28;TRBJ1-1_CASTLTMNTEAFF,0.0
TRBV28;TRBJ1-1_CASTPLGEGAAFF,0.0
TRBV28;TRBJ1-1_CASTTPTDHTEAFF,0.0
TRBV28;TRBJ1-1_CATEAGRDTEAFF,0.0
TRBV28;TRBJ1-1_CATLNPGTQVHTEAFF,0.0
TRBV28;TRBJ1-2_CASGGARNYGYTF,0.0
TRBV28;TRBJ1-2_CASGSAKTIYGYTF,0.0
TRBV28;TRBJ1-2_CASLEGGGDYGYTF,0.0
TRBV28;TRBJ1-2_CASNSNPPRPLYGYTF,0.0
TRBV28;TRBJ1-2_CASRPGQRDGYTF,0.0
TRBV28;TRBJ1-2_CASRRTAGGAYGYTF,1.0
TRBV28;TRBJ1-2_CASSATGSLANYGYTF,1.0
TRBV28;TRBJ1-2_CASSLRGYGYTF,1.0
TRBV28;TRBJ1-2_CASSLYGQGADYGYTF,0.0
TRBV28;TRBJ1-2_CASSPGTGDGYTF,0.0
TRBV28;TRBJ1-2_CASSSPGTGEYGYTF,0.0
TRBV28;TRBJ1-2_CASSTGQGISGYTF,1.0
TRBV28;TRBJ1-2_CASSVGQGAGYGYTF,0.0
TRBV28;TRBJ1-2_CASWGGTGYGYTF,0.0
TRBV28;TRBJ1-2_CATGAAKGAYGYTF,0.0
TRBV28;TRBJ1-3_CASRLLTGANSGNTIYF,0.0
TRBV28;TRBJ1-3_CASYASTSAAPSGNTIYF,0.0
TRBV28;TRBJ1-4_CASGQQGATNEKLFF,0.0
TRBV28;TRBJ1-4_CASRFRDAGSFNEKLFF,0.0
TRBV28;TRBJ1-4_CASRPGQGTEKLFF,0.0
TRBV28;TRBJ1-4_CASSFDSLDQKLFF,1.0
TRBV28;TRBJ1-4_CASSHDLTNEKLFF,0.0
TRBV28;TRBJ1-4_CASSKGTALNEKLFF,1.0
TRBV28;TRBJ1-4_CASSLGQGNEKLFF,0.0
TRBV28;TRBJ1-4_CASSLSGGASTEKLFF,0.0
TRBV28;TRBJ1-4_CASSLSKNRQAVKGVSGKLFF,0.0
TRBV28;TRBJ1-4_CASSPSPGLRGGNEKLFF,0.0
TRBV28;TRBJ1-4_CASSQGGNEKLFF,1.0
TRBV28;TRBJ1-4_CASSSFDRGNEKLFF,0.0
TRBV28;TRBJ1-4_CASSSIGEDEKLFF,0.0
TRBV28;TRBJ1-4_CASTTTNEKLFF,0.0
TRBV28;TRBJ1-5_CASLRQGNQPQHF,0.0
TRBV28;TRBJ1-5_CASRPPDRFSNQPQHF,0.0
TRBV28;TRBJ1-5_CASSFLTGGDQPQHF,0.0
TRBV28;TRBJ1-5_CASSFQTGNQPQHF,0.0
TRBV28;TRBJ1-5_CASSFSGTGGAFNQPQHF,1.0
TRBV28;TRBJ1-5_CASSFWDLSNQPQHF,0.0
TRBV28;TRBJ1-5_CASSIMTGVGQPQHF,0.0
TRBV28;TRBJ1-5_CASSIPQENQPQHF,1.0
TRBV28;TRBJ1-5_CASSLGANQPQHF,0.0
TRBV28;TRBJ1-5_CASSLGGVQPQHF,0.0
TRBV28;TRBJ1-5_CASSLGQPQHF,0.0
TRBV28;TRBJ1-5_CASSLIWSGGQPQHF,0.0
TRBV28;TRBJ1-5_CASSLLGLSEYSNQPQHF,0.0
TRBV28;TRBJ1-5_CASSLNGQPQHF,0.0
TRBV28;TRBJ1-5_CASSLSTGVRNQPQHF,0.0
TRBV28;TRBJ1-5_CASSPARSGRTYDNQPQHF,0.0
TRBV28;TRBJ1-5_CASSPGTEARPQHF,0.0
TRBV28;TRBJ1-5_CASSSTRGNSGNQPQHF,0.0
TRBV28;TRBJ1-5_CASTEGAGGQTNQPQHF,0.0
TRBV28;TRBJ1-6_CASILQSSYNSPLHF,0.0
TRBV28;TRBJ1-6_CASLSSYNSPLHF,0.0
TRBV28;TRBJ1-6_CASRGQDVSYNSPLHF,0.0
TRBV28;TRBJ1-6_CASSFLEARSPLHF,1.0
TRBV28;TRBJ1-6_CASSRGHASPLHF,0.0
TRBV28;TRBJ1-6_CASSRVDGAPLHF,0.0
TRBV28;TRBJ1-6_CASSSLQGDSPLHF,0.0
TRBV28;TRBJ1-6_CASSSQGSPLHF,0.0
TRBV28;TRBJ1-6_CASTRGYSPLHF,1.0
TRBV28;TRBJ2-1_CASRGTGGDNEQFF,0.0
TRBV28;TRBJ2-1_CASSFRASGILEQFF,0.0
TRBV28;TRBJ2-1_CASSFSQTEQFF,0.0
TRBV28;TRBJ2-1_CASSHGTGWLGTQFF,0.0
TRBV28;TRBJ2-1_CASSLDLVGFF,0.0
TRBV28;TRBJ2-1_CASSLHRTGIHNEQFF,0.0
TRBV28;TRBJ2-1_CASSLIFGEQFF,0.0
TRBV28;TRBJ2-1_CASSLPGGPYNEQFF,0.0
TRBV28;TRBJ2-1_CASSLRRDRQFF,0.0
TRBV28;TRBJ2-1_CASSLTVLAGRNEQFF,0.0
TRBV28;TRBJ2-1_CASSLYRVSYNEQFF,0.0
TRBV28;TRBJ2-1_CASSPDRVIGDEQFF,0.0
TRBV28;TRBJ2-1_CASSPGWGLAGGGTYNEQFF,1.0
TRBV28;TRBJ2-1_CASSPNRYSAYNEQFF,0.0
TRBV28;TRBJ2-1_CASSPSLRGGAGEQFF,0.0
TRBV28;TRBJ2-1_CASSSGLDDEQFF,0.0
TRBV28;TRBJ2-1_CASSSRSGGPSLLYNEQFF,0.0
TRBV28;TRBJ2-1_CASSSSLRTYNEQFF,0.0
TRBV28;TRBJ2-1_CASSTIGGGRYNEQFF,0.0
TRBV28;TRBJ2-1_CASSWVSATSYNEQFF,0.0
TRBV28;TRBJ2-1_CASTPGSDYNEQFF,0.0
TRBV28;TRBJ2-1_CASTSSGTTVYNEQFF,0.0
TRBV28;TRBJ2-1_CASTTGTGGRNEQFF,0.0
TRBV28;TRBJ2-2_CASISTGIRGELFF,0.0
TRBV28;TRBJ2-2_CASITRLGTGELFF,0.0
TRBV28;TRBJ2-2_CASKGTGALTGELFF,1.0
TRBV28;TRBJ2-2_CASRENTGELFF,0.0
TRBV28;TRBJ2-2_CASSLASANTGELFF,0.0
TRBV28;TRBJ2-2_CASSLASGGTGELFF,0.0
TRBV28;TRBJ2-2_CASSLDLARELFF,1.0
TRBV28;TRBJ2-2_CASSLGAQANTGELFF,0.0
TRBV28;TRBJ2-2_CASSTGQGDSGELFF,0.0
TRBV28;TRBJ2-2_CASSTLGLDTGELFF,0.0
TRBV28;TRBJ2-2_CASSTRTSGRGSTGELFF,0.0
TRBV28;TRBJ2-2_CASTSGGPGELFF,0.0
TRBV28;TRBJ2-2_CASYRGQFSTGELFF,0.0
TRBV28;TRBJ2-3_CAISDRIGTDTQYF,0.0
TRBV28;TRBJ2-3_CASGRYTDTQYF,1.0
TRBV28;TRBJ2-3_CASRPEGGIDTQYF,1.0
TRBV28;TRBJ2-3_CASSFHTTDTQYF,0.0
TRBV28;TRBJ2-3_CASSLATGNVASDTQYF,0.0
TRBV28;TRBJ2-3_CASSLITDTQYF,0.0
TRBV28;TRBJ2-3_CASSLQGADTQYF,0.0
TRBV28;TRBJ2-3_CASSLVEGGTSGGDTQYF,0.0
TRBV28;TRBJ2-3_CASSPHTKGRTDTQYF,0.0
TRBV28;TRBJ2-3_CASSRDGSTDTQYF,0.0
TRBV28;TRBJ2-3_CASSSSKDRVFDTQYF,0.0
TRBV28;TRBJ2-3_CASSTGPSDTQYF,0.0
TRBV28;TRBJ2-3_CASSYLDTQYF,0.0
TRBV28;TRBJ2-3_CASTADNTDTQYF,0.0
TRBV28;TRBJ2-3_CATNWGTDTQYF,0.0
TRBV28;TRBJ2-4_CASQGAVAKNIQYF,0.0
TRBV28;TRBJ2-4_CASSFGAENIQYF,0.0
TRBV28;TRBJ2-4_CASSPGLAGGLAKNIQYF,1.0
TRBV28;TRBJ2-4_CASTYRAGAQNIQYF,0.0
TRBV28;TRBJ2-5_CASGVDETQYF,0.0
TRBV28;TRBJ2-5_CASSAGQETQYF,0.0
TRBV28;TRBJ2-5_CASSFRKETQYF,0.0
TRBV28;TRBJ2-5_CASSFVQGSGETQYF,0.0
TRBV28;TRBJ2-5_CASSGGGTQYF,0.0
TRBV28;TRBJ2-5_CASSGQGQETQYF,0.0
TRBV28;TRBJ2-5_CASSLEKGLGETQYF,0.0
TRBV28;TRBJ2-5_CASSLGDRGETQYF,0.0
TRBV28;TRBJ2-5_CASSLGGGWLETQYF,1.0
TRBV28;TRBJ2-5_CASSLGLAGLQETQYF,0.0
TRBV28;TRBJ2-5_CASSLGQQETQYF,1.0
TRBV28;TRBJ2-5_CASSLKETQYF,0.0
TRBV28;TRBJ2-5_CASSLRTAVKETQYF,1.0
TRBV28;TRBJ2-5_CASSRQGRETQYF,0.0
TRBV28;TRBJ2-5_CASSRSDVTQYF,0.0
TRBV28;TRBJ2-5_CASSRSGLAEETQYF,0.0
TRBV28;TRBJ2-5_CASSSASGRQETQYF,0.0
TRBV28;TRBJ2-5_CASSSDRGPSETQYF,0.0
TRBV28;TRBJ2-5_CASSSTSKGTQYF,0.0
TRBV28;TRBJ2-5_CASSTGTIGETQYF,0.0
TRBV28;TRBJ2-5_CASTRRIQETQYF,0.0
TRBV28;TRBJ2-6_CASGVGGASGANVLTF,0.0
TRBV28;TRBJ2-6_CASSPGLAMSSGANVLTF,0.0
TRBV28;TRBJ2-6_CASSSRSGANVLTF,1.0
TRBV28;TRBJ2-6_CASSTRGSGANVLTF,0.0
TRBV28;TRBJ2-6_CASTSQRTGVGANVLTF,1.0
TRBV28;TRBJ2-7_CASRESSYEQYF,1.0
TRBV28;TRBJ2-7_CASRGAGGPPGEQYF,0.0
TRBV28;TRBJ2-7_CASRGERDSYEQYF,0.0
TRBV28;TRBJ2-7_CASRQGIGYEQYF,0.0
TRBV28;TRBJ2-7_CASRTGQYEQYF,0.0
TRBV28;TRBJ2-7_CASRTSGKGEQYF,0.0
TRBV28;TRBJ2-7_CASSASGSSYEQYF,0.0
TRBV28;TRBJ2-7_CASSFGDRAYEQYF,1.0
TRBV28;TRBJ2-7_CASSFGDRDYEQYF,0.0
TRBV28;TRBJ2-7_CASSFPHSYEQYF,1.0
TRBV28;TRBJ2-7_CASSKQGSYEQYF,0.0
TRBV28;TRBJ2-7_CASSLGFYEQYF,0.0
TRBV28;TRBJ2-7_CASSLGTVNSYEQYF,1.0
TRBV28;TRBJ2-7_CASSLNPGPSYEQYF,0.0
TRBV28;TRBJ2-7_CASSLNRDLPSPGGF,0.0
TRBV28;TRBJ2-7_CASSLRDFYEQYF,0.0
TRBV28;TRBJ2-7_CASSLRSRFYEQYF,0.0
TRBV28;TRBJ2-7_CASSLSLRDRTYEQYF,0.0
TRBV28;TRBJ2-7_CASSLWSGTRSYEQYF,1.0
TRBV28;TRBJ2-7_CASSLYGPGGVYEQYF,0.0
TRBV28;TRBJ2-7_CASSPGTAEYEQYF,0.0
TRBV28;TRBJ2-7_CASSPRPYRVEQYF,0.0
TRBV28;TRBJ2-7_CASSSAGLAGGFDEQYF,1.0
TRBV28;TRBJ2-7_CASSSATRTTSYEQYF,1.0
TRBV28;TRBJ2-7_CASSSGDRDYEQYF,0.0
TRBV28;TRBJ2-7_CASSSGSYEQYF,0.0
TRBV28;TRBJ2-7_CASSSGTGGYEQYF,0.0
TRBV28;TRBJ2-7_CASSSRTSARYEQYF,0.0
TRBV28;TRBJ2-7_CASSTPSGGSYEQYF,0.0
TRBV28;TRBJ2-7_CASSVDRGLYEQYF,0.0
TRBV28;TRBJ2-7_CASSYVRVYEQYF,0.0
TRBV28;TRBJ2-7_CASTFRVGRAYEQYF,0.0
TRBV28;TRBJ2-7_CASTNRGGPEQYF,0.0
TRBV28;TRBJ2-7_CASTRVSSRSGYEQYF,0.0
TRBV28;TRBJ2-7_CATFNRGQAYEQYF,1.0
TRBV28;TRBJ2-7_CATHLGGYTYEQYF,0.0
TRBV29-1;TRBJ1-1_CSAERGQGTEAFF,0.0
TRBV29-1;TRBJ1-1_CSAKTGRMNTEAFF,0.0
TRBV29-1;TRBJ1-1_CSGRAGPNTEAFF,0.0
TRBV29-1;TRBJ1-1_CSGRTDMNTEAFF,0.0
TRBV29-1;TRBJ1-1_CSGWDRGTEAFF,0.0
TRBV29-1;TRBJ1-1_CSVEDGGRTEAFF,0.0
TRBV29-1;TRBJ1-1_CSVEGEGGTNTEAFF,0.0
TRBV29-1;TRBJ1-1_CSVGSGMNTEAFF,0.0
TRBV29-1;TRBJ1-1_CSVGSQGAEAFF,0.0
TRBV29-1;TRBJ1-1_CSVPLVGAGNTEAFF,1.0
TRBV29-1;TRBJ1-2_CSVAGQGKYGYTF,0.0
TRBV29-1;TRBJ1-2_CSVESSESVGYTF,0.0
TRBV29-1;TRBJ1-2_CSVGIRSENGYTF,1.0
TRBV29-1;TRBJ1-2_CSVGSDNYGYTF,0.0
TRBV29-1;TRBJ1-2_CSVPKGGDGKGYTF,0.0
TRBV29-1;TRBJ1-2_CSVPKLPRTGGYGYTF,1.0
TRBV29-1;TRBJ1-3_CSVSTSGNTIYF,0.0
TRBV29-1;TRBJ1-4_CSAMVGEKLFF,0.0
TRBV29-1;TRBJ1-5_CSVGGGQGHQPQHF,0.0
TRBV29-1;TRBJ1-5_CSVGTGKNQPQHF,0.0
TRBV29-1;TRBJ2-1_CSAGQGGDEQFF,0.0
TRBV29-1;TRBJ2-1_CSATTGALYNEQFF,0.0
TRBV29-1;TRBJ2-1_CSDRGSSYNEQFF,0.0
TRBV29-1;TRBJ2-1_CSGVISPNEQFF,0.0
TRBV29-1;TRBJ2-1_CSTGGTGDYNEQFF,0.0
TRBV29-1;TRBJ2-1_CSVAEGFLGLNEQFF,0.0
TRBV29-1;TRBJ2-1_CSVAGGHNEQFF,0.0
TRBV29-1;TRBJ2-1_CSVAGSSYNEQFF,0.0
TRBV29-1;TRBJ2-1_CSVARGLAGPYNEQFF,0.0
TRBV29-1;TRBJ2-1_CSVDGAGGLDEQFF,0.0
TRBV29-1;TRBJ2-1_CSVDKAGGSYNEQFF,0.0
TRBV29-1;TRBJ2-1_CSVDSNSGSYNEQFF,1.0
TRBV29-1;TRBJ2-1_CSVGRDSYNEQFF,0.0
TRBV29-1;TRBJ2-1_CSVGRGQYNEQFF,0.0
TRBV29-1;TRBJ2-1_CSVNRGGRNEQFF,0.0
TRBV29-1;TRBJ2-1_CSVQGASYNEQFF,0.0
TRBV29-1;TRBJ2-2_CSRQPNTGELFF,0.0
TRBV29-1;TRBJ2-2_CSVGASGTAGELFF,4.0
TRBV29-1;TRBJ2-2_CSVGDVAGELFF,0.0
TRBV29-1;TRBJ2-2_CSVGQGGGELFF,0.0
TRBV29-1;TRBJ2-2_CSVRDRSNTGELFF,0.0
TRBV29-1;TRBJ2-2_CSVYRGLRNTGELFF,0.0
TRBV29-1;TRBJ2-3_CSVEPQASGGGDTQYF,0.0
TRBV29-1;TRBJ2-3_CSVERERGTDTQYF,0.0
TRBV29-1;TRBJ2-3_CSVGQGADTQYF,0.0
TRBV29-1;TRBJ2-3_CSVKGGSDTQYF,0.0
TRBV29-1;TRBJ2-3_CSVLGLAGEERQDTQYF,0.0
TRBV29-1;TRBJ2-5_CSGSGGSGGLETQYF,0.0
TRBV29-1;TRBJ2-5_CSVAGLAGAETQYF,0.0
TRBV29-1;TRBJ2-5_CSVARFGKGGETQYF,0.0
TRBV29-1;TRBJ2-5_CSVDHGLQAGQETQYF,1.0
TRBV29-1;TRBJ2-5_CSVDRDGETQYF,0.0
TRBV29-1;TRBJ2-5_CSVELAGGREETQYF,0.0
TRBV29-1;TRBJ2-5_CSVGAGGQETQYF,0.0
TRBV29-1;TRBJ2-5_CSVGPGSWETQYF,0.0
TRBV29-1;TRBJ2-5_CSVPTGREQETQYF,0.0
TRBV29-1;TRBJ2-5_CSVRRTGQETQYF,0.0
TRBV29-1;TRBJ2-5_CSVVGGGSGETQYF,1.0
TRBV29-1;TRBJ2-6_CSVSGTGGADGANVLTF,0.0
TRBV29-1;TRBJ2-7_CSANRGYEQYF,0.0
TRBV29-1;TRBJ2-7_CSGSSGIREQYF,0.0
TRBV29-1;TRBJ2-7_CSVEQGASEQYF,1.0
TRBV29-1;TRBJ2-7_CSVHDRGGYEQYF,0.0
TRBV29-1;TRBJ2-7_CSVRGQDFYEQYF,0.0
TRBV29-1;TRBJ2-7_CSVVNPDSPVGYEQYF,0.0
TRBV2;TRBJ1-1_CASAGGATGMHTEAFF,0.0
TRBV2;TRBJ1-1_CASCRTERNTEAFF,0.0
TRBV2;TRBJ1-1_CASFKTGGTEAFF,1.0
TRBV2;TRBJ1-1_CASIPGGGNTEAFF,0.0
TRBV2;TRBJ1-1_CASITEIDTEAFF,0.0
TRBV2;TRBJ1-1_CASLQRAGANTEAFF,0.0
TRBV2;TRBJ1-1_CASRETDSGNTEAFF,0.0
TRBV2;TRBJ1-1_CASRGTGGYTEAFF,0.0
TRBV2;TRBJ1-1_CASRIDRGGNTEAFF,0.0
TRBV2;TRBJ1-1_CASRQLTSFF,0.0
TRBV2;TRBJ1-1_CASSADGHTEAFF,0.0
TRBV2;TRBJ1-1_CASSAPALVGTEAFF,0.0
TRBV2;TRBJ1-1_CASSDPGQGVLMNTEAFF,1.0
TRBV2;TRBJ1-1_CASSDVDEAFF,0.0
TRBV2;TRBJ1-1_CASSGSGFRNTEAFF,0.0
TRBV2;TRBJ1-1_CASSQPGWSTEAFF,0.0
TRBV2;TRBJ1-1_CASSVPSGQLNTEAFF,0.0
TRBV2;TRBJ1-1_CASSVQGEGTEAFF,0.0
TRBV2;TRBJ1-1_CATGQHTEAFF,0.0
TRBV2;TRBJ1-2_CASGAKGQLGYTF,1.0
TRBV2;TRBJ1-2_CASISQGDGYTF,0.0
TRBV2;TRBJ1-2_CASNSDSSFYGYTF,0.0
TRBV2;TRBJ1-2_CASNWVGVYGYTF,1.0
TRBV2;TRBJ1-2_CASRGTGGNGYTF,0.0
TRBV2;TRBJ1-2_CASRPYGYTF,0.0
TRBV2;TRBJ1-2_CASSDTQGVGYGYTF,0.0
TRBV2;TRBJ1-2_CASSDYLGLGTGGNYGYTF,0.0
TRBV2;TRBJ1-2_CASSEGLTNYGYTF,0.0
TRBV2;TRBJ1-2_CASSERQGGSYGYTF,1.0
TRBV2;TRBJ1-2_CASSGDSNYGYTF,1.0
TRBV2;TRBJ1-2_CASSKRQILYGYTF,0.0
TRBV2;TRBJ1-2_CASSLQGALGLGYTF,0.0
TRBV2;TRBJ1-2_CASSQQGVYGYTF,0.0
TRBV2;TRBJ1-2_CASSVISYYGYTF,0.0
TRBV2;TRBJ1-2_CASTEGPANHGYTF,0.0
TRBV2;TRBJ1-3_CASGYGLSGNTIYF,0.0
TRBV2;TRBJ1-3_CASSAYGGTIYF,0.0
TRBV2;TRBJ1-3_CASSDLKGRGLPSGNTIYF,0.0
TRBV2;TRBJ1-3_CASSEAGFSGNTIYF,0.0
TRBV2;TRBJ1-3_CASSELFRRRQEQNTIYF,0.0
TRBV2;TRBJ1-3_CASSPDRAEGNTIYF,0.0
TRBV2;TRBJ1-4_CASGITTNEKLFF,0.0
TRBV2;TRBJ1-4_CASRFPRDGEKLFF,0.0
TRBV2;TRBJ1-4_CASRGAQGGREKLFF,0.0
TRBV2;TRBJ1-4_CASSAVPGGNEKLFF,1.0
TRBV2;TRBJ1-4_CASSESGVVAEKLFF,0.0
TRBV2;TRBJ1-4_CASSFLTGANEKLFF,0.0
TRBV2;TRBJ1-4_CASSLRGVNEKLFF,0.0
TRBV2;TRBJ1-4_CASSVVVNENLFF,0.0
TRBV2;TRBJ1-5_CASSDGRGGRGSNQPQHF,0.0
TRBV2;TRBJ1-5_CASSETGGLNQPQHF,0.0
TRBV2;TRBJ1-5_CASSETLFENQPQHF,0.0
TRBV2;TRBJ1-5_CASSGTGGEQPQHF,0.0
TRBV2;TRBJ1-5_CASSPGQPNSNQPQHF,1.0
TRBV2;TRBJ1-5_CASSVTADNNQPQHF,0.0
TRBV2;TRBJ1-5_CATSATGGHQPQHF,0.0
TRBV2;TRBJ1-6_CASNSGTWSPLHF,1.0
TRBV2;TRBJ1-6_CASRTGLPNSPLHF,0.0
TRBV2;TRBJ1-6_CASSASGTGGSPLHF,0.0
TRBV2;TRBJ1-6_CASSEQGVNSPLHF,0.0
TRBV2;TRBJ2-1_CASIRLAGGGNEQFF,0.0
TRBV2;TRBJ2-1_CASKETSGRAGEQFF,0.0
TRBV2;TRBJ2-1_CASKRGAGGNEQFF,0.0
TRBV2;TRBJ2-1_CASREAGERRGNEQFF,0.0
TRBV2;TRBJ2-1_CASRPPGLAGNEQFF,0.0
TRBV2;TRBJ2-1_CASRQGSYNEQFF,0.0
TRBV2;TRBJ2-1_CASSATRLAGGGDEQFF,0.0
TRBV2;TRBJ2-1_CASSDLTSGGSYNEQFF,0.0
TRBV2;TRBJ2-1_CASSDSGRYNEQFF,0.0
TRBV2;TRBJ2-1_CASSEAPLGDYNEQFF,0.0
TRBV2;TRBJ2-1_CASSEGGGTFYNEQFF,0.0
TRBV2;TRBJ2-1_CASSEPDSGLFYNEQFF,0.0
TRBV2;TRBJ2-1_CASSEPGQGENEQFF,0.0
TRBV2;TRBJ2-1_CASSERDRYNEQFF,0.0
TRBV2;TRBJ2-1_CASSETRVSYNEQFF,0.0
TRBV2;TRBJ2-1_CASSEVAGETYNEQFF,0.0
TRBV2;TRBJ2-1_CASSGGPGGEQFF,0.0
TRBV2;TRBJ2-1_CASSGPAGALNNEQFF,0.0
TRBV2;TRBJ2-1_CASSGSGRYYNEQFF,0.0
TRBV2;TRBJ2-1_CASSIAGEAYNEQFF,0.0
TRBV2;TRBJ2-1_CASSVRGSEQFF,0.0
TRBV2;TRBJ2-1_CASSVTEPNSYNEQFF,0.0
TRBV2;TRBJ2-1_CASYYTGNEQFF,0.0
TRBV2;TRBJ2-2_CASASPWAQGTGELFF,1.0
TRBV2;TRBJ2-2_CASKFWGHGTGELFF,0.0
TRBV2;TRBJ2-2_CASKPRGAAGELFF,0.0
TRBV2;TRBJ2-2_CASNGGGRNTGELFF,0.0
TRBV2;TRBJ2-2_CASRGHSGTKSNTGELFF,0.0
TRBV2;TRBJ2-2_CASRGQGANTGELFF,0.0
TRBV2;TRBJ2-2_CASRRSGDGELFF,0.0
TRBV2;TRBJ2-2_CASRWGSGELFF,0.0
TRBV2;TRBJ2-2_CASSAGVLTGELFF,0.0
TRBV2;TRBJ2-2_CASSDWGAGELFF,0.0
TRBV2;TRBJ2-2_CASSENGGAHTGELFF,0.0
TRBV2;TRBJ2-2_CASSEQGNTGELFF,0.0
TRBV2;TRBJ2-2_CASSGVVTGELFF,0.0
TRBV2;TRBJ2-2_CASSPGRESVGELFF,1.0
TRBV2;TRBJ2-2_CASSPTSGGLTGELFF,0.0
TRBV2;TRBJ2-2_CASSSGEVTGELFF,0.0
TRBV2;TRBJ2-2_CASSTGYTGELFF,0.0
TRBV2;TRBJ2-2_CASSVGPGELFF,0.0
TRBV2;TRBJ2-2_CASSVSSGYTGELFF,0.0
TRBV2;TRBJ2-3_CARASGKWDTQYF,0.0
TRBV2;TRBJ2-3_CASRAGQGLSTDTQYF,0.0
TRBV2;TRBJ2-3_CASRARGSTDTQYF,0.0
TRBV2;TRBJ2-3_CASRGRGSTDTQYF,0.0
TRBV2;TRBJ2-3_CASSDEGGLAGRDTQYF,0.0
TRBV2;TRBJ2-3_CASSDGTQQSTDTQYF,0.0
TRBV2;TRBJ2-3_CASSEAGGGGTDTQYF,0.0
TRBV2;TRBJ2-3_CASSEDRRSDTQYF,0.0
TRBV2;TRBJ2-3_CASSEGGPDKRRSTQYF,0.0
TRBV2;TRBJ2-3_CASSEGGSSINTDTQYF,1.0
TRBV2;TRBJ2-3_CASSETRIGTDTQYF,0.0
TRBV2;TRBJ2-3_CASSFGTGTRVDTQYF,0.0
TRBV2;TRBJ2-3_CASSIDTQYF,0.0
TRBV2;TRBJ2-3_CASSVTDTQYF,1.0
TRBV2;TRBJ2-3_CASTGSTDTQYF,0.0
TRBV2;TRBJ2-3_CASTQTGGRDTQYF,0.0
TRBV2;TRBJ2-4_CASSMASSKNIQYF,0.0
TRBV2;TRBJ2-4_CASTDLVVAKNIQYF,0.0
TRBV2;TRBJ2-5_CACNQETQYF,0.0
TRBV2;TRBJ2-5_CAGRAGAGETQYF,0.0
TRBV2;TRBJ2-5_CASDVEGVQETQYF,1.0
TRBV2;TRBJ2-5_CASFSGSGETQYF,1.0
TRBV2;TRBJ2-5_CASKGTSGPNQTQYF,1.0
TRBV2;TRBJ2-5_CASKRGLQETQYF,0.0
TRBV2;TRBJ2-5_CASRRLAGAQETQYF,0.0
TRBV2;TRBJ2-5_CASSEALAGFGTQYF,0.0
TRBV2;TRBJ2-5_CASSEEGDFGDF,1.0
TRBV2;TRBJ2-5_CASSGDASVWGAKETQYF,0.0
TRBV2;TRBJ2-5_CASSLELAGASQETQYF,0.0
TRBV2;TRBJ2-5_CASSVNFQETQYF,0.0
TRBV2;TRBJ2-5_CASSWGETQYF,0.0
TRBV2;TRBJ2-5_CASTQAGGPKTQYF,1.0
TRBV2;TRBJ2-5_CATRGGPEETQYF,0.0
TRBV2;TRBJ2-5_CATRRGAPETQYF,0.0
TRBV2;TRBJ2-6_CASSVSRGLAGANVLTF,0.0
TRBV2;TRBJ2-7_CASGQGWPYEQYF,0.2222222222222222
TRBV2;TRBJ2-7_CASKLEQGTYEQYF,1.0
TRBV2;TRBJ2-7_CASKVMYEQYF,1.0
TRBV2;TRBJ2-7_CASNELAGISYEQYF,1.0
TRBV2;TRBJ2-7_CASRAGLLIYEQYF,0.0
TRBV2;TRBJ2-7_CASRDGQVISYEQYF,0.0
TRBV2;TRBJ2-7_CASSENSGTEQYF,0.0
TRBV2;TRBJ2-7_CASSEPFSYEQYF,0.0
TRBV2;TRBJ2-7_CASSEYEQYF,0.0
TRBV2;TRBJ2-7_CASSGDIWEQYF,1.0
TRBV2;TRBJ2-7_CASSGTAVPGLSYEQYF,0.0
TRBV2;TRBJ2-7_CASSPLQGGGEQYF,0.0
TRBV2;TRBJ2-7_CASSREPYEQYF,0.0
TRBV2;TRBJ2-7_CASSRSGEQYF,0.0
TRBV2;TRBJ2-7_CASSVEQGAYEQYF,0.0
TRBV2;TRBJ2-7_CASSYPTVNEQYF,0.0
TRBV2;TRBJ2-7_CASTLGQGGDYEQYF,0.0
TRBV2;TRBJ2-7_CASVIDRGYEQYF,1.0
TRBV3-1;TRBJ1-1_CASSAPGQINTEAFF,0.0
TRBV3-1;TRBJ1-1_CASSLRDITEAFF,0.0
TRBV3-1;TRBJ1-1_CASSPAGYTEAFF,0.0
TRBV3-1;TRBJ1-1_CASSPKDRGSAFF,0.0
TRBV3-1;TRBJ1-1_CASSPRMTALKRTEAFF,0.0
TRBV3-1;TRBJ1-1_CASSQARGLEAFF,0.0
TRBV3-1;TRBJ1-1_CASSQDVTREEAFF,0.0
TRBV3-1;TRBJ1-1_CASSQEGDTEAFF,4.0
TRBV3-1;TRBJ1-1_CASSQGANTEAFF,0.0
TRBV3-1;TRBJ1-1_CASSRLTPNTEAFF,0.0
TRBV3-1;TRBJ1-1_CASSSRPGNTEAFF,0.0
TRBV3-1;TRBJ1-2_CASSHGIEGYTF,0.0
TRBV3-1;TRBJ1-2_CASSHKQGIYGYTF,0.0
TRBV3-1;TRBJ1-2_CASSKPTGFGYGYTF,0.0
TRBV3-1;TRBJ1-2_CASSLGSERGYGYTF,0.0
TRBV3-1;TRBJ1-2_CASSPTGEVNYGYTF,1.0
TRBV3-1;TRBJ1-2_CASSQAGGAHGYTF,0.0
TRBV3-1;TRBJ1-2_CASSQDLRDRADGYTF,0.0
TRBV3-1;TRBJ1-2_CASSQEGGGDGYTF,0.0
TRBV3-1;TRBJ1-2_CASSQEGGGGYTF,0.0
TRBV3-1;TRBJ1-2_CASSQELAYGYTF,0.0
TRBV3-1;TRBJ1-2_CASSQGSDRGFLYGYTF,0.0
TRBV3-1;TRBJ1-2_CASSSRGQGRSGDYGYTF,0.0
TRBV3-1;TRBJ1-2_CASTTGTGAYGYTF,0.0
TRBV3-1;TRBJ1-3_CASSHQGAAGNTIYF,0.0
TRBV3-1;TRBJ1-3_CASSPDSGAGNTIYF,0.0
TRBV3-1;TRBJ1-3_CASSQDPRGWSGNTIYF,0.0
TRBV3-1;TRBJ1-3_CASSRQGEGNTIYF,0.0
TRBV3-1;TRBJ1-4_CASSQAGNEKLFF,0.0
TRBV3-1;TRBJ1-4_CASSQGLSGMLFF,1.0
TRBV3-1;TRBJ1-4_CASSQGMGFYEKLFF,0.0
TRBV3-1;TRBJ1-4_CASSQGTGRTNEKLFF,0.0
TRBV3-1;TRBJ1-5_CASSLGGNQPQHF,0.0
TRBV3-1;TRBJ1-5_CASSQGDYQPQHF,0.0
TRBV3-1;TRBJ1-6_CASSQVWAADSPLHF,0.0
TRBV3-1;TRBJ1-6_CASSRDSNSPLHF,0.0
TRBV3-1;TRBJ2-1_CASSASGSNEQFF,0.0
TRBV3-1;TRBJ2-1_CASSLSGPNEQFF,1.0
TRBV3-1;TRBJ2-1_CASSPWGRIQFF,0.0
TRBV3-1;TRBJ2-1_CASSQDAGGGGWQFF,0.0
TRBV3-1;TRBJ2-1_CASSQDGGVEQFF,0.0
TRBV3-1;TRBJ2-1_CASSQDTLPYNEQFF,0.0
TRBV3-1;TRBJ2-1_CASSQEGTGGYEQFF,0.0
TRBV3-1;TRBJ2-1_CASSQGFYEQFF,0.0
TRBV3-1;TRBJ2-1_CASSQGVSGAYNEQFF,1.0
TRBV3-1;TRBJ2-1_CASSQMTSTEQFF,0.0
TRBV3-1;TRBJ2-1_CASSQRLAGGEQFF,0.0
TRBV3-1;TRBJ2-1_CASSQVPGLNEQFF,1.0
TRBV3-1;TRBJ2-1_CASSQWGNEQFF,0.0
TRBV3-1;TRBJ2-2_CASSLGGNTGELFF,0.0
TRBV3-1;TRBJ2-2_CASSQDLLTGELFF,0.0
TRBV3-1;TRBJ2-2_CASSQEGNTGELFF,0.0
TRBV3-1;TRBJ2-2_CASSQERFAILTGELFF,0.0
TRBV3-1;TRBJ2-2_CASSQGVAPGNTGELFF,0.0
TRBV3-1;TRBJ2-3_CASSFSLGADTQYF,0.0
TRBV3-1;TRBJ2-3_CASSKTGGRTDTQYF,1.0
TRBV3-1;TRBJ2-3_CASSQDASGSTDTQYF,0.0
TRBV3-1;TRBJ2-3_CASSQDRAFRDTQYF,0.0
TRBV3-1;TRBJ2-3_CASSQDRGLAGGPTDTQYF,0.0
TRBV3-1;TRBJ2-3_CASSQDRSTDTQYF,0.0
TRBV3-1;TRBJ2-3_CASSQDWIAGSDTQYF,0.0
TRBV3-1;TRBJ2-3_CASSQEGGTDTQYF,0.0
TRBV3-1;TRBJ2-3_CASSQESDTQYF,0.0
TRBV3-1;TRBJ2-3_CASSQGGDWTSDTQYF,0.0
TRBV3-1;TRBJ2-3_CASSQPTGRSTDTQYF,0.0
TRBV3-1;TRBJ2-3_CASSRVSADTQYF,0.0
TRBV3-1;TRBJ2-3_CASSSGTSGGGRGTDTQYF,1.0
TRBV3-1;TRBJ2-3_CASSSRRLDTQYF,0.0
TRBV3-1;TRBJ2-4_CASSPGGFTQNIQYF,0.0
TRBV3-1;TRBJ2-4_CASSPSGGIVDIQYF,0.0
TRBV3-1;TRBJ2-4_CASSQDPPAGGRVAKNIQYF,0.0
TRBV3-1;TRBJ2-4_CASSQETPYQLAKNIQYF,0.0
TRBV3-1;TRBJ2-5_CARSQAYGETQYF,0.0
TRBV3-1;TRBJ2-5_CASSHGTSGGGEETQYF,0.0
TRBV3-1;TRBJ2-5_CASSLGAQETQYF,0.0
TRBV3-1;TRBJ2-5_CASSQAGPGTQYF,0.0
TRBV3-1;TRBJ2-5_CASSQAGQGWQETQYF,1.0
TRBV3-1;TRBJ2-5_CASSQDALFQYF,1.0
TRBV3-1;TRBJ2-5_CASSQDIGRHQETQYF,0.0
TRBV3-1;TRBJ2-5_CASSQDLAAQETQYF,0.0
TRBV3-1;TRBJ2-5_CASSQGGAQGETQYF,0.0
TRBV3-1;TRBJ2-5_CASSQGLSGRETQYF,0.0
TRBV3-1;TRBJ2-5_CASSQRTGQETQYF,0.0
TRBV3-1;TRBJ2-5_CASSQRTSGGTETQYF,0.0
TRBV3-1;TRBJ2-5_CASSQSQGQETQYF,0.0
TRBV3-1;TRBJ2-5_CASSRAGGGEETQYF,0.0
TRBV3-1;TRBJ2-5_CASSRGGGEKTQYF,0.0
TRBV3-1;TRBJ2-5_CASSWAGETQYF,0.0
TRBV3-1;TRBJ2-6_CASSQDTGGAISGANVLTF,0.0
TRBV3-1;TRBJ2-6_CASSQGQGGANVLTF,0.0
TRBV3-1;TRBJ2-6_CASSQSSAGANVLTF,0.0
TRBV3-1;TRBJ2-7_CASSHTPRERRYF,0.0
TRBV3-1;TRBJ2-7_CASSLSLTYEQYF,0.8333333333333334
TRBV3-1;TRBJ2-7_CASSQATSGSGEQYF,0.0
TRBV3-1;TRBJ2-7_CASSQGQGYYRHF,0.0
TRBV3-1;TRBJ2-7_CASSQGWGSYEQYF,0.0
TRBV3-1;TRBJ2-7_CASSQTGYRDRYYEQYF,0.0
TRBV3-1;TRBJ2-7_CASSQTHSYEQYF,1.0
TRBV3-1;TRBJ2-7_CASSQVGTYEQYF,1.0
TRBV3-1;TRBJ2-7_CASSTVYGTTYEQYF,0.0
TRBV30;TRBJ1-1_CAWSDGNTEAFF,0.0
TRBV30;TRBJ1-1_CAWSLKPNTEAFF,0.0
TRBV30;TRBJ1-2_CAWRDQGNYGYTF,1.0
TRBV30;TRBJ1-2_CAWRTPRRDGYTF,0.0
TRBV30;TRBJ1-2_CAWSFPGVFGYTF,0.0
TRBV30;TRBJ1-2_CAWSFTGGVGYTF,0.0
TRBV30;TRBJ1-2_CAWSVPTGGPGYGYTF,0.0
TRBV30;TRBJ1-2_CAWTGTYGYTF,0.0
TRBV30;TRBJ1-3_CAWSIGSSGNTIYF,0.0
TRBV30;TRBJ1-3_CAWSPDGYTIYF,1.0
TRBV30;TRBJ1-3_CAWSVGSANTIYF,0.0
TRBV30;TRBJ1-5_CAWSVHLTAQPQHF,0.0
TRBV30;TRBJ1-6_CAFRSVGSPLHF,0.0
TRBV30;TRBJ2-1_CAWDGTVRSSYNEQFF,0.0
TRBV30;TRBJ2-1_CAWRTRLASSYNEQFF,0.0
TRBV30;TRBJ2-1_CAWSAGVGEQFF,0.0
TRBV30;TRBJ2-1_CAWSLGGNEQFF,1.0
TRBV30;TRBJ2-1_CAWSVGLALNEQFF,0.0
TRBV30;TRBJ2-1_CAWSVQQGAYNEQFF,0.0
TRBV30;TRBJ2-1_CAWSVVQPGQFF,0.0
TRBV30;TRBJ2-2_CAGGLAANTGELFF,0.0
TRBV30;TRBJ2-2_CAWDPGLAGLFTGELFF,1.0
TRBV30;TRBJ2-2_CAWRHGRAGTGELFF,1.0
TRBV30;TRBJ2-2_CAWRVRDRETGELFF,1.0
TRBV30;TRBJ2-2_CAWSRGAGTGELFF,0.0
TRBV30;TRBJ2-2_CAWSVGLDTGELFF,0.0
TRBV30;TRBJ2-3_CAWDRDRSTDTQYF,1.0
TRBV30;TRBJ2-3_CAWDSTDTQYF,0.0
TRBV30;TRBJ2-3_CAWSSGSVADTQYF,0.0
TRBV30;TRBJ2-3_CAWSVGGSTDTQYF,0.0
TRBV30;TRBJ2-4_CAWGTKNIQYF,0.0
TRBV30;TRBJ2-5_CAWGTTQETQYF,1.0
TRBV30;TRBJ2-5_CAWSHLGSGRRQETQYF,0.0
TRBV30;TRBJ2-5_CAWSTGWETQYF,0.0
TRBV30;TRBJ2-6_CAWSAHNPGSLKAGANVLTF,0.0
TRBV30;TRBJ2-7_CAWKGQPSSYEQYF,0.0
TRBV30;TRBJ2-7_CAWSGRGSYEQYF,0.0
TRBV30;TRBJ2-7_CAWSITGLAGGPIRHEQYF,1.0
TRBV30;TRBJ2-7_CAWSLGGRSEQYF,0.0
TRBV30;TRBJ2-7_CAWSPTTFHEQYF,0.0
TRBV30;TRBJ2-7_CAWSVGQGVFEQYF,0.0
TRBV30;TRBJ2-7_CAWSVQAGSYEQYF,0.0
TRBV30;TRBJ2-7_CAWSVTAGTPVSYEQYF,0.0
TRBV4-1;TRBJ1-1_CASSFTTGANEAFF,0.0
TRBV4-1;TRBJ1-1_CASSHQRTGRVNEAFF,0.0
TRBV4-1;TRBJ1-1_CASSKTAGYNEAFF,0.0
TRBV4-1;TRBJ1-1_CASSLNMNTEAFF,0.0
TRBV4-1;TRBJ1-1_CASSQDPVGAEAFF,0.0
TRBV4-1;TRBJ1-1_CASSQEGQHTEAFF,1.0
TRBV4-1;TRBJ1-1_CASSQGRGRTQNTEAFF,1.0
TRBV4-1;TRBJ1-1_CASSQKWGGKNTEAFF,1.0
TRBV4-1;TRBJ1-1_CASSQQGATEAFF,1.0
TRBV4-1;TRBJ1-2_CASSPILDRVANYGYTF,0.0
TRBV4-1;TRBJ1-2_CASSQAGTGTYGYTF,0.0
TRBV4-1;TRBJ1-2_CASSQDEPRGLGYGYTF,0.0
TRBV4-1;TRBJ1-2_CASSQGLSGGYTF,0.0
TRBV4-1;TRBJ1-2_CASSQGQNYGYTF,1.0
TRBV4-1;TRBJ1-2_CASSQVDRSNYGYTF,0.0
TRBV4-1;TRBJ1-4_CASSPRTANEKLFF,0.0
TRBV4-1;TRBJ1-4_CASSQRQGDEKLFF,0.0
TRBV4-1;TRBJ1-5_CASSQDGGIGNQPQHF,0.0
TRBV4-1;TRBJ1-5_CASSQLTSNQPQHF,0.0
TRBV4-1;TRBJ1-5_CASSQYFSTGGPGQPQHF,0.0
TRBV4-1;TRBJ1-5_CASSVRQGSNQPQHF,1.0
TRBV4-1;TRBJ1-6_CASSARQGIIAKSPLHF,1.0
TRBV4-1;TRBJ1-6_CASSQDLGRLSYNSPLHF,0.0
TRBV4-1;TRBJ1-6_CASSQDSGGRSPLHF,0.0
TRBV4-1;TRBJ1-6_CASSQGEASPLHF,1.0
TRBV4-1;TRBJ1-6_CASSSVGGQVYNSPLHF,0.0
TRBV4-1;TRBJ2-1_CASSHTRGRNTYNEQFF,0.0
TRBV4-1;TRBJ2-1_CASSPLDPPEQFF,0.0
TRBV4-1;TRBJ2-1_CASSQDWQGSENEQFF,0.0
TRBV4-1;TRBJ2-1_CASSQDYSTRQAPFF,0.0
TRBV4-1;TRBJ2-1_CASSQERLAGGLEQFF,0.0
TRBV4-1;TRBJ2-1_CASSQGGTGNLGMYNEQFF,0.0
TRBV4-1;TRBJ2-1_CASSQGLAGGWEQFF,0.0
TRBV4-1;TRBJ2-1_CASSQGTGRDEQFF,0.0
TRBV4-1;TRBJ2-1_CASSQPLAGGPPQNEQFF,0.0
TRBV4-1;TRBJ2-1_CASSQRTPLADSYNEQFF,0.0
TRBV4-1;TRBJ2-1_CASSQSLTGVVYNEQFF,0.0
TRBV4-1;TRBJ2-1_CASSRGRAQGALYNEQFF,0.0
TRBV4-1;TRBJ2-1_CASSRSTAASAGRNEQFF,0.0
TRBV4-1;TRBJ2-1_CASSRVEGGSGNNNEQFF,0.0
TRBV4-1;TRBJ2-1_CASSSGLGAFF,0.0
TRBV4-1;TRBJ2-2_CASSDLAGGMTGELFF,0.5
TRBV4-1;TRBJ2-2_CASSHQTGLKNTGELFF,0.0
TRBV4-1;TRBJ2-2_CASSPLGRRDTGELFF,0.0
TRBV4-1;TRBJ2-2_CASSQEELGGGLGGELFF,0.0
TRBV4-1;TRBJ2-2_CASSQGGSNTGELFF,0.0
TRBV4-1;TRBJ2-2_CASSQRVFRGQGLAGELFF,0.0
TRBV4-1;TRBJ2-2_CASSQVGGSFTGELFF,0.0
TRBV4-1;TRBJ2-2_CASSSLYGQGALNTGELFF,0.0
TRBV4-1;TRBJ2-2_CASTLATEDPGELFF,0.0
TRBV4-1;TRBJ2-3_CASSPRPGLAGADTQYF,1.0
TRBV4-1;TRBJ2-3_CASSPRQGPDTQYF,0.0
TRBV4-1;TRBJ2-3_CASSQDPLGLAGSLVDTQYF,0.0
TRBV4-1;TRBJ2-3_CASSQEISRGRGDTQYF,1.0
TRBV4-1;TRBJ2-3_CASSQGLAVGTQYF,0.0
TRBV4-1;TRBJ2-3_CASSQPTRGGTQYF,0.0
TRBV4-1;TRBJ2-3_CASSQVMLAGPSYF,0.0
TRBV4-1;TRBJ2-3_CASSQVVAFRTDTQYF,0.0
TRBV4-1;TRBJ2-3_CASSRGTSSGGTDTQYF,0.0
TRBV4-1;TRBJ2-3_CASSTRASWTDTQYF,1.0
TRBV4-1;TRBJ2-5_CASSPGQTQETQYF,0.0
TRBV4-1;TRBJ2-5_CASSQDPGQETQYF,0.0
TRBV4-1;TRBJ2-5_CASSQDSPSKVGQETQYF,0.0
TRBV4-1;TRBJ2-6_CASSQDFLKGIGANVLTF,0.0
TRBV4-1;TRBJ2-7_CASSESGLAIYEQYF,0.0
TRBV4-1;TRBJ2-7_CASSLPGTLHPLEQYF,0.0
TRBV4-1;TRBJ2-7_CASSPGQGSGEQYF,0.0
TRBV4-1;TRBJ2-7_CASSPSPAASYEQYF,1.0
TRBV4-1;TRBJ2-7_CASSQAPQQSSYEQYF,0.0
TRBV4-1;TRBJ2-7_CASSQDARSYEQYF,0.0
TRBV4-1;TRBJ2-7_CASSQDRLAHEQYF,0.0
TRBV4-1;TRBJ2-7_CASSQGGSGRYEQYF,0.0
TRBV4-1;TRBJ2-7_CASSQGHAYEQYF,0.0
TRBV4-1;TRBJ2-7_CASSQGLAGLLSEQYF,0.0
TRBV4-1;TRBJ2-7_CASSQRQGGSYEQYF,0.0
TRBV4-1;TRBJ2-7_CASSQVSVGGTSYEQYF,0.0
TRBV4-1;TRBJ2-7_CASSRQTSYEQYF,0.0
TRBV4-1;TRBJ2-7_CASSSGQGKSGGPSYEQYF,0.0
TRBV4-2;TRBJ1-2_CASSQDGTGAYGYTF,0.0
TRBV4-2;TRBJ1-2_CASSQKTGSNYGYTF,0.0
TRBV4-2;TRBJ1-3_CASSQESQALSSGNTIYF,0.0
TRBV4-2;TRBJ1-4_CASSQEGAGAREKLFF,0.0
TRBV4-2;TRBJ1-5_CASSQDLGFGVSNQPQHF,0.0
TRBV4-2;TRBJ1-5_CASSQGQGPIQPQHF,1.0
TRBV4-2;TRBJ2-1_CASSLGTASDNEQFF,0.0
TRBV4-2;TRBJ2-1_CASSLMGSGGTEQFF,0.0
TRBV4-2;TRBJ2-1_CASSLTAGPRSNEQFF,0.0
TRBV4-2;TRBJ2-1_CASSPEPGHSYNEQFF,0.0
TRBV4-2;TRBJ2-1_CASSQAGGGGNSYNEQFF,0.0
TRBV4-2;TRBJ2-1_CASSQDGAGEGNEQFF,0.0
TRBV4-2;TRBJ2-1_CASSQDSTGAYNEQFF,0.0
TRBV4-2;TRBJ2-1_CASSQGDRGPYNEQFF,0.0
TRBV4-2;TRBJ2-2_CASSLTSTGELFF,0.0
TRBV4-2;TRBJ2-2_CASSQAEGTGEGELFF,0.0
TRBV4-2;TRBJ2-2_CASSQDFGGSGELFF,0.0
TRBV4-2;TRBJ2-2_CASSSHPSSGGPSNTGELFF,0.0
TRBV4-2;TRBJ2-3_CASSPREGTDTQYF,0.0
TRBV4-2;TRBJ2-3_CASSPTPGLAGGRGTDTQYF,0.0
TRBV4-2;TRBJ2-3_CASSQDVSGGPSTDTQYF,0.0
TRBV4-2;TRBJ2-3_CASSQEASLGPDTQYF,0.2
TRBV4-2;TRBJ2-3_CASSQGGGGAVDTQYF,0.0
TRBV4-2;TRBJ2-4_CASSQDETSGVNIQYF,0.0
TRBV4-2;TRBJ2-5_CASSELAGGQETQYF,0.0
TRBV4-2;TRBJ2-5_CASSQDEGQGAETQYF,0.0
TRBV4-2;TRBJ2-5_CASSQEFSTGAPERETQYF,0.0
TRBV4-2;TRBJ2-5_CASSQGTGGAETQYF,0.0
TRBV4-2;TRBJ2-5_CASSQGTSGISGLETQYF,0.0
TRBV4-2;TRBJ2-6_CASSLDSSGANVLTF,0.0
TRBV4-2;TRBJ2-6_CASSQDSDTGANVLTF,0.3333333333333333
TRBV4-2;TRBJ2-6_CASSQGTSSGANVLTF,0.5
TRBV4-2;TRBJ2-7_CASSQAPYRGYEQYF,0.0
TRBV4-2;TRBJ2-7_CASSQDGIPGLAGSYEQYF,0.0
TRBV4-2;TRBJ2-7_CASSQEASGRYEQYF,0.0
TRBV4-2;TRBJ2-7_CASSQEVTSTYEQYF,0.0
TRBV4-2;TRBJ2-7_CASSQGERGGYEQYF,0.0
TRBV4-2;TRBJ2-7_CASSVSGVGSYEQYF,0.0
TRBV5-1;TRBJ1-1_CASARGSNTEAFF,0.0
TRBV5-1;TRBJ1-1_CASREHPNTEAFF,1.0
TRBV5-1;TRBJ1-1_CASRETGLNTEAFF,0.0
TRBV5-1;TRBJ1-1_CASSDPAVLEAFF,0.0
TRBV5-1;TRBJ1-1_CASSFQGMNTEAFF,0.0
TRBV5-1;TRBJ1-1_CASSLAGGIMNTEAFF,0.0
TRBV5-1;TRBJ1-1_CASSLAPLGLSATEAFF,0.0
TRBV5-1;TRBJ1-1_CASSLGQGTEAFF,0.0
TRBV5-1;TRBJ1-1_CASSLQGNTEAFF,0.0
TRBV5-1;TRBJ1-1_CASSLVPGWTEAFF,0.0
TRBV5-1;TRBJ1-1_CASSPGQPNTEAFF,0.0
TRBV5-1;TRBJ1-1_CASSQNGPNTEAFF,0.0
TRBV5-1;TRBJ1-1_CASSSDGKQAFF,0.0
TRBV5-1;TRBJ1-1_CASSTGQILRDTEAFF,0.0
TRBV5-1;TRBJ1-1_CASSWDRGLGTEAFF,0.0
TRBV5-1;TRBJ1-1_CASSWVFGTAAFF,0.0
TRBV5-1;TRBJ1-1_CASTLAGASLNTEAFF,0.0
TRBV5-1;TRBJ1-2_CASRGRGQGTANYGYTF,1.0
TRBV5-1;TRBJ1-2_CASRPREGANYGYTF,0.0
TRBV5-1;TRBJ1-2_CASSLADSNYGYTF,0.0
TRBV5-1;TRBJ1-2_CASSLAGTAYGYTF,0.0
TRBV5-1;TRBJ1-2_CASSLALPAGDGYTF,1.0
TRBV5-1;TRBJ1-2_CASSLGGRDNYGYTF,0.0
TRBV5-1;TRBJ1-2_CASSLGQGDYGYTF,1.0
TRBV5-1;TRBJ1-2_CASSLNGENYGYTF,0.0
TRBV5-1;TRBJ1-2_CASSLQGLSYGYTF,0.0
TRBV5-1;TRBJ1-2_CASSLSGVERNF,0.0
TRBV5-1;TRBJ1-2_CASSPDGQHGYTF,1.0
TRBV5-1;TRBJ1-2_CASSPGQLGWEYYGYTF,0.0
TRBV5-1;TRBJ1-2_CASSPGTADLTGTF,0.0
TRBV5-1;TRBJ1-2_CASSPVGERGYTF,0.0
TRBV5-1;TRBJ1-2_CASSSVGISYGYTF,0.0
TRBV5-1;TRBJ1-2_CASTLAAGNHGYTF,0.0
TRBV5-1;TRBJ1-3_CASSFQTGGGNTIYF,0.0
TRBV5-1;TRBJ1-3_CASSLGSSDSSGNTIYF,0.0
TRBV5-1;TRBJ1-4_CASSLASGLGEKLFF,1.0
TRBV5-1;TRBJ1-4_CASSLDLGANEKLFF,0.0
TRBV5-1;TRBJ1-4_CASSLGDSATNEKLFF,0.0
TRBV5-1;TRBJ1-4_CASSLGQGGEKLFF,0.0
TRBV5-1;TRBJ1-5_CASSEGALGNQPQHF,0.0
TRBV5-1;TRBJ1-5_CASSKDANQPQHF,0.0
TRBV5-1;TRBJ1-5_CASSLAGDSGEPQHF,0.0
TRBV5-1;TRBJ1-5_CASSLDGSNQPQHF,0.0
TRBV5-1;TRBJ1-5_CASSLGTGGQPQHF,0.0
TRBV5-1;TRBJ1-6_CASRTETYNSPLHF,1.0
TRBV5-1;TRBJ1-6_CASSLAGFPLHF,0.0
TRBV5-1;TRBJ1-6_CASSLDQNSPLHF,0.0
TRBV5-1;TRBJ1-6_CASSLEEGMTLHF,0.0
TRBV5-1;TRBJ1-6_CASSLGGVAVSPLHF,0.0
TRBV5-1;TRBJ1-6_CASSLGQEYSPLHF,0.0
TRBV5-1;TRBJ1-6_CASSLGVRYSPLHF,0.0
TRBV5-1;TRBJ1-6_CASSLTGPNSPLHF,0.0
TRBV5-1;TRBJ2-1_CASRRDGASYNEQFF,0.0
TRBV5-1;TRBJ2-1_CASSFHPGTSGINEQFF,0.0
TRBV5-1;TRBJ2-1_CASSFRSYNEQFF,1.0
TRBV5-1;TRBJ2-1_CASSGAGVGYNEQFF,0.0
TRBV5-1;TRBJ2-1_CASSGDPGLAANNEQFF,0.0
TRBV5-1;TRBJ2-1_CASSLAPASGASGGNEQFF,1.0
TRBV5-1;TRBJ2-1_CASSLASGGSSSYNEQFF,0.0
TRBV5-1;TRBJ2-1_CASSLAVGGAGNEQFF,0.0
TRBV5-1;TRBJ2-1_CASSLDAMGQSYNEQFF,0.0
TRBV5-1;TRBJ2-1_CASSLEAAGVYNEQFF,0.0
TRBV5-1;TRBJ2-1_CASSLEGTASYNEQFF,0.0
TRBV5-1;TRBJ2-1_CASSLGGAYNEQFF,0.0
TRBV5-1;TRBJ2-1_CASSLGGSAHNEQFF,0.0
TRBV5-1;TRBJ2-1_CASSLGLAGSNEQFF,0.0
TRBV5-1;TRBJ2-1_CASSLGSGANEQFF,0.0
TRBV5-1;TRBJ2-1_CASSLLAPQDNEQFF,0.0
TRBV5-1;TRBJ2-1_CASSLQGNEQFF,0.0
TRBV5-1;TRBJ2-1_CASSLRLAGNEQFF,0.0
TRBV5-1;TRBJ2-1_CASSLRLNEQFF,0.0
TRBV5-1;TRBJ2-1_CASSLRTSGSNEQFF,1.0
TRBV5-1;TRBJ2-1_CASSLSRDGYNEQFF,1.0
TRBV5-1;TRBJ2-1_CASSLVADPYNEQFF,0.0
TRBV5-1;TRBJ2-1_CASSLVGQQYNEQFF,0.0
TRBV5-1;TRBJ2-1_CASSLVPGEIYNEQFF,0.0
TRBV5-1;TRBJ2-1_CASSLYGGADEQFF,0.0
TRBV5-1;TRBJ2-1_CASSLYPGTEQFF,0.0
TRBV5-1;TRBJ2-1_CASSPDGYNEQFF,1.0
TRBV5-1;TRBJ2-1_CASSPQTSNNEQFF,1.0
TRBV5-1;TRBJ2-1_CASSQGGSAREQFF,0.0
TRBV5-1;TRBJ2-1_CASSQGQGYNEQFF,1.0
TRBV5-1;TRBJ2-1_CASSRTGGLAGDYNEQFF,0.0
TRBV5-1;TRBJ2-1_CASSSVAGDYNEQFF,0.0
TRBV5-1;TRBJ2-1_CASSTTGTRSSYNEQFF,0.0
TRBV5-1;TRBJ2-1_CASSVGLARNEQFF,0.0
TRBV5-1;TRBJ2-2_CASGDRDTGELFF,0.0
TRBV5-1;TRBJ2-2_CASRLRGRDKGLENTGELFF,0.0
TRBV5-1;TRBJ2-2_CASSFGSTGELFF,0.0
TRBV5-1;TRBJ2-2_CASSFLGQITGELFF,0.0
TRBV5-1;TRBJ2-2_CASSLAPDPNTGELFF,0.5
TRBV5-1;TRBJ2-2_CASSLEGTDTGELFF,0.0
TRBV5-1;TRBJ2-2_CASSLGQMNTGELFF,0.0
TRBV5-1;TRBJ2-2_CASSLNTGQAFGGLFF,0.0
TRBV5-1;TRBJ2-2_CASSLVASSTGELFF,1.0
TRBV5-1;TRBJ2-2_CASSNDGGSTGELFF,0.0
TRBV5-1;TRBJ2-2_CASSPGGPNTGELFF,0.0
TRBV5-1;TRBJ2-2_CASSPRTSGNTGELFF,0.0
TRBV5-1;TRBJ2-2_CASSQATGLSGELFF,0.0
TRBV5-1;TRBJ2-2_CASSRGQVPGELFF,0.0
TRBV5-1;TRBJ2-2_CASSRTSGKDTGELFF,0.0
TRBV5-1;TRBJ2-2_CASSSTPGQGADGELFF,0.0
TRBV5-1;TRBJ2-2_CASSSVGDGELFF,0.0
TRBV5-1;TRBJ2-2_CASSTSGGFTGELFF,0.0
TRBV5-1;TRBJ2-2_CASTFGFAGTGELFF,0.0
TRBV5-1;TRBJ2-2_CASTLQNTGELFF,0.0
TRBV5-1;TRBJ2-2_CATRQGSTGELFF,0.0
TRBV5-1;TRBJ2-3_CASGPVGGEADTQYF,0.0
TRBV5-1;TRBJ2-3_CASRQGIGTSGGATDTQYF,1.0
TRBV5-1;TRBJ2-3_CASSAGLAGGADTQYF,0.0
TRBV5-1;TRBJ2-3_CASSFGSPDRTDTQYF,0.0
TRBV5-1;TRBJ2-3_CASSFKDGRGDTQYF,0.0
TRBV5-1;TRBJ2-3_CASSLAFVTDTQYF,0.0
TRBV5-1;TRBJ2-3_CASSLAGGADTQYF,0.0
TRBV5-1;TRBJ2-3_CASSLAGSTDTQYF,0.0
TRBV5-1;TRBJ2-3_CASSLDLTSTDTQYF,0.0
TRBV5-1;TRBJ2-3_CASSLGEGALRDTQYF,0.0
TRBV5-1;TRBJ2-3_CASSLGPGTDTQYF,0.0
TRBV5-1;TRBJ2-3_CASSLGQELTDTQYF,0.0
TRBV5-1;TRBJ2-3_CASSLGSGKNTQYF,0.0
TRBV5-1;TRBJ2-3_CASSLGSTDTQYF,0.0
TRBV5-1;TRBJ2-3_CASSLLLGADTQYF,0.0
TRBV5-1;TRBJ2-3_CASSPGGNTDTQYF,0.0
TRBV5-1;TRBJ2-3_CASSPGLAGVGTQYF,1.0
TRBV5-1;TRBJ2-3_CASSRGSLTDTQYF,1.0
TRBV5-1;TRBJ2-3_CASSSPSGPGVDTQYF,0.0
TRBV5-1;TRBJ2-3_CASSYIATSTDTQYF,0.0
TRBV5-1;TRBJ2-3_CASTQSWAGDTQYF,0.0
TRBV5-1;TRBJ2-4_CASSLDDSQNIQYF,0.0
TRBV5-1;TRBJ2-4_CASSLDLGASENIQYF,0.0
TRBV5-1;TRBJ2-5_CASGTGTSGPVTQYF,0.0
TRBV5-1;TRBJ2-5_CASHRSGEETQYF,0.0
TRBV5-1;TRBJ2-5_CASRRLAGEETQYF,0.0
TRBV5-1;TRBJ2-5_CASRVDRGGTQYF,0.0
TRBV5-1;TRBJ2-5_CASSFETTNVRKTQYF,0.0
TRBV5-1;TRBJ2-5_CASSFGTGGRETQYF,0.0
TRBV5-1;TRBJ2-5_CASSHRGPGETQYF,0.0
TRBV5-1;TRBJ2-5_CASSLAPGGETQYF,0.0
TRBV5-1;TRBJ2-5_CASSLARLAGQETQYF,0.0
TRBV5-1;TRBJ2-5_CASSLERKETQYF,0.0
TRBV5-1;TRBJ2-5_CASSLETQYF,0.0
TRBV5-1;TRBJ2-5_CASSLGASGSWETQYF,0.0
TRBV5-1;TRBJ2-5_CASSLGLAGQETQYF,0.0
TRBV5-1;TRBJ2-5_CASSLITGVLETQYF,0.0
TRBV5-1;TRBJ2-5_CASSLPGQGETQYF,0.0
TRBV5-1;TRBJ2-5_CASSLPTGGQETQYF,0.0
TRBV5-1;TRBJ2-5_CASSLRTSGGLETQYF,0.0
TRBV5-1;TRBJ2-5_CASSMDLGQYTRETQYF,0.0
TRBV5-1;TRBJ2-5_CASSPTLAGGSETQYF,0.0
TRBV5-1;TRBJ2-5_CASSPTTGTGASETQYF,0.0
TRBV5-1;TRBJ2-5_CASSSGQIPRTQYF,0.0
TRBV5-1;TRBJ2-5_CASSSLGGETQYF,0.0
TRBV5-1;TRBJ2-5_CASSTSPLANQETQYF,0.0
TRBV5-1;TRBJ2-5_CASSWTLGLAASRETQYF,1.0
TRBV5-1;TRBJ2-6_CASSRDSSSGANVLTF,1.0
TRBV5-1;TRBJ2-6_CASSRFGQGAQAGANVLTF,0.0
TRBV5-1;TRBJ2-7_CASRLPGGLYEQYF,1.0
TRBV5-1;TRBJ2-7_CASSESGSLYEQYF,0.0
TRBV5-1;TRBJ2-7_CASSFDGSSYEQYF,0.0
TRBV5-1;TRBJ2-7_CASSFGSYEQYF,1.0
TRBV5-1;TRBJ2-7_CASSFKGAGEQYF,1.0
TRBV5-1;TRBJ2-7_CASSFRGLPYEQYF,0.0
TRBV5-1;TRBJ2-7_CASSFSVAGSYEQYF,1.0
TRBV5-1;TRBJ2-7_CASSITTSGLYEQYF,0.0
TRBV5-1;TRBJ2-7_CASSLAGTRTYEQYF,0.0
TRBV5-1;TRBJ2-7_CASSLALSGEQYF,1.0
TRBV5-1;TRBJ2-7_CASSLAPTGYEQYF,1.0
TRBV5-1;TRBJ2-7_CASSLDSTTYEQYF,0.0
TRBV5-1;TRBJ2-7_CASSLFEARDEQYF,0.0
TRBV5-1;TRBJ2-7_CASSLGAGYEQYF,0.0
TRBV5-1;TRBJ2-7_CASSLSASGRAIYEQYF,0.0
TRBV5-1;TRBJ2-7_CASSLTGGHEQYF,1.0
TRBV5-1;TRBJ2-7_CASSLVPDYEQYF,0.0
TRBV5-1;TRBJ2-7_CASSLVSGGTYEQYF,1.0
TRBV5-1;TRBJ2-7_CASSLYGFGSYEQYF,0.0
TRBV5-1;TRBJ2-7_CASSPGTVGVWDEQYF,0.0
TRBV5-1;TRBJ2-7_CASSPKGTGLLEQYF,0.0
TRBV5-1;TRBJ2-7_CASSQTSGATYEQYF,0.0
TRBV5-1;TRBJ2-7_CASSRGLAETYEQYF,0.0
TRBV5-1;TRBJ2-7_CASSTGRGLDEQYF,0.0
TRBV5-1;TRBJ2-7_CASYSSSGGTYEQYF,0.0
TRBV5-4;TRBJ1-2_CASSFGQASNGYTF,1.0
TRBV5-4;TRBJ1-2_CASSLSRERSYGYTF,0.0
TRBV5-4;TRBJ1-2_CASSPGYRGGGYGYTF,0.0
TRBV5-4;TRBJ1-2_CASSPMTGSNYGYTF,0.0
TRBV5-4;TRBJ1-2_CASSSQTRPTAGYTF,0.0
TRBV5-4;TRBJ1-2_CASTSRIGDRSYGYTF,0.0
TRBV5-4;TRBJ1-3_CASSLGRGSGNTIYF,0.0
TRBV5-4;TRBJ1-6_CASSLGGTDYNSPLHF,0.0
TRBV5-4;TRBJ1-6_CASSRDRESPLHF,0.0
TRBV5-4;TRBJ2-1_CAGGQASNEQFF,0.0
TRBV5-4;TRBJ2-1_CASSLAITSGLAQGEQFF,0.0
TRBV5-4;TRBJ2-1_CASSLDDYPQGEQFF,0.0
TRBV5-4;TRBJ2-1_CASSLDREAYNEQFF,0.0
TRBV5-4;TRBJ2-1_CASSLRDFSEQFF,0.0
TRBV5-4;TRBJ2-1_CASSLRGGRTHEQFF,0.0
TRBV5-4;TRBJ2-1_CASSLRLAGGVEQFF,0.0
TRBV5-4;TRBJ2-1_CASSPRNNLVVNEQFF,0.0
TRBV5-4;TRBJ2-1_CASSPSGGGTINNEQFF,0.0
TRBV5-4;TRBJ2-1_CASSSLGKGARDEQFF,0.0
TRBV5-4;TRBJ2-2_CASSFSYTGELFF,0.0
TRBV5-4;TRBJ2-2_CASSLGLTGELFF,0.0
TRBV5-4;TRBJ2-2_CASSRGLAGGPTGELFF,0.0
TRBV5-4;TRBJ2-2_CASSSARDTGELFF,0.0
TRBV5-4;TRBJ2-3_CASSAPGQGRTDTQYF,1.0
TRBV5-4;TRBJ2-3_CASSFWTASTDTQYF,0.0
TRBV5-4;TRBJ2-3_CASSLAYGGVTDTQYF,0.0
TRBV5-4;TRBJ2-3_CASSLDWENTDTQYF,0.0
TRBV5-4;TRBJ2-3_CASSLGLAGLRDTQYF,0.0
TRBV5-4;TRBJ2-3_CASSLGLAGRDTQYF,0.0
TRBV5-4;TRBJ2-3_CASSLGLTIPQEDTQYF,0.0
TRBV5-4;TRBJ2-3_CASSLIGGRADTQYF,0.0
TRBV5-4;TRBJ2-3_CASSLRLAGTTTDTQYF,0.0
TRBV5-4;TRBJ2-3_CASSLSSGGSDTQYF,0.0
TRBV5-4;TRBJ2-3_CASSLWGLEYGTQYF,1.0
TRBV5-4;TRBJ2-3_CASSSAEDRASTDTQYF,1.0
TRBV5-4;TRBJ2-3_CASSSAGTSGGRADTQYF,0.0
TRBV5-4;TRBJ2-3_CATLMGGTDTQYF,0.0
TRBV5-4;TRBJ2-5_CASRPGQGYQETQYF,0.0
TRBV5-4;TRBJ2-5_CASSFGTSASRVAQYF,0.0
TRBV5-4;TRBJ2-5_CASSLGEAETQYF,0.0
TRBV5-4;TRBJ2-5_CASSLGGGLETQYF,0.0
TRBV5-4;TRBJ2-5_CASSLIKGTRSEETQYF,1.0
TRBV5-4;TRBJ2-5_CASSLLLLAGGLGGETQYF,1.0
TRBV5-4;TRBJ2-5_CASSLLTAGGQETQYF,1.0
TRBV5-4;TRBJ2-5_CASSLVGGGPETQYF,0.0
TRBV5-4;TRBJ2-5_CASSPSGMETQYF,0.0
TRBV5-4;TRBJ2-5_CASSSTGGGETQYF,0.0
TRBV5-4;TRBJ2-5_CASSSVVGLADKETQYF,1.0
TRBV5-4;TRBJ2-7_CASAQAGARSYEQYF,0.0
TRBV5-4;TRBJ2-7_CASSEGPHLEQYF,0.0
TRBV5-4;TRBJ2-7_CASSLDGGEQYF,0.0
TRBV5-4;TRBJ2-7_CASSLDSETYEQYF,0.0
TRBV5-4;TRBJ2-7_CASSPGLAPYEQYF,0.0
TRBV5-4;TRBJ2-7_CASSPGTSGSVEQYF,1.0
TRBV5-4;TRBJ2-7_CASSRGLAGNYEQYF,0.0
TRBV5-4;TRBJ2-7_CASTDLVGYEQYF,0.0
TRBV5-4;TRBJ2-7_CASTQTGESSRYEQYF,0.0
TRBV5-5;TRBJ1-1_CASIPGRGNTEAFF,0.0
TRBV5-5;TRBJ1-1_CASSLTGGSEAFF,0.0
TRBV5-5;TRBJ1-1_CASSSIKGTGNTEAFF,0.0
TRBV5-5;TRBJ1-2_CASSSPGQALHKGYTF,0.0
TRBV5-5;TRBJ1-3_CASPTGTDSGNTIYF,0.0
TRBV5-5;TRBJ1-4_CASSPLGRGGEKLFF,0.0
TRBV5-5;TRBJ1-4_CASSSGPVLATNEKLFF,0.0
TRBV5-5;TRBJ1-5_CASNPQGEGNQPQHF,0.0
TRBV5-5;TRBJ1-5_CASSLTANSNQPQHF,0.0
TRBV5-5;TRBJ1-6_CASTKEGQNSPLHF,0.0
TRBV5-5;TRBJ2-1_CASSAAGTDNEQFF,0.0
TRBV5-5;TRBJ2-1_CASSFEGRTYNEQFF,0.0
TRBV5-5;TRBJ2-1_CASSFRDIGAYEQFF,0.3333333333333333
TRBV5-5;TRBJ2-1_CASSLGLLPPGNEQFF,0.0
TRBV5-5;TRBJ2-3_CASSAGLAGGTDTQYF,0.0
TRBV5-5;TRBJ2-3_CASSPYSTDTQYF,0.0
TRBV5-5;TRBJ2-3_CASSQGLAGGHSGDTQYF,0.0
TRBV5-5;TRBJ2-3_CASSRSGASTDTQYF,1.0
TRBV5-5;TRBJ2-4_CASSKAITGLENIQYF,2.0
TRBV5-5;TRBJ2-5_CASSLRADQETQYF,0.0
TRBV5-5;TRBJ2-6_CASIPRVGAGANVLTF,0.0
TRBV5-5;TRBJ2-7_CASSLNIGAYEQYF,0.0
TRBV5-6;TRBJ1-1_CASRTPGGEAFF,0.0
TRBV5-6;TRBJ1-1_CASSFRGSSPNTEAFF,0.0
TRBV5-6;TRBJ1-1_CASSGTGTEFIEAFF,0.0
TRBV5-6;TRBJ1-1_CASSLGVQQGWGNTEAFF,0.0
TRBV5-6;TRBJ1-1_CASSLSNTEAFF,0.0
TRBV5-6;TRBJ1-2_CASSDSLPNYGYTF,0.0
TRBV5-6;TRBJ1-2_CASSFGQSPNYGYTF,0.0
TRBV5-6;TRBJ1-2_CASSFLEGEGNYGYTF,0.0
TRBV5-6;TRBJ1-2_CASSLLGNYGYTF,1.0
TRBV5-6;TRBJ1-2_CASSPINEANYGYTF,1.0
TRBV5-6;TRBJ1-2_CASSQQTGLYGYTF,1.0
TRBV5-6;TRBJ1-2_CASSSGDHGYTF,200000000.0
TRBV5-6;TRBJ1-2_CASSSYRAPSYGYTF,0.0
TRBV5-6;TRBJ1-3_CASSLDRVGNTIYF,0.0
TRBV5-6;TRBJ1-3_CASSLDTGNVWNTIYF,0.0
TRBV5-6;TRBJ1-4_CASSLAGTREKLFF,1.0
TRBV5-6;TRBJ1-6_CASSLNSNSYNSPLHF,0.0
TRBV5-6;TRBJ1-6_CASSLVHSYNSPLHF,1.0
TRBV5-6;TRBJ1-6_CASSMRGTAYNSPLHF,1.0
TRBV5-6;TRBJ2-1_CASSGMGQGMNEQFF,0.0
TRBV5-6;TRBJ2-1_CASSLGTLKYNEQFF,0.0
TRBV5-6;TRBJ2-1_CASSLNNEQFF,0.0
TRBV5-6;TRBJ2-1_CASTRVAGGPQPYNEQFF,0.0
TRBV5-6;TRBJ2-2_CASLGTDQTGELFF,1.0
TRBV5-6;TRBJ2-2_CASSPDRGEDTGELFF,0.0
TRBV5-6;TRBJ2-3_CASSGLGVPDTQYF,0.0
TRBV5-6;TRBJ2-3_CASSLGHRKNTQYF,0.0
TRBV5-6;TRBJ2-3_CASSLRSGRSTDTQYF,0.0
TRBV5-6;TRBJ2-3_CASSQGTATRDTQYF,0.0
TRBV5-6;TRBJ2-5_CASSDQETQYF,0.0
TRBV5-6;TRBJ2-5_CASSFGGAQTQYF,0.0
TRBV5-6;TRBJ2-5_CASSGGTSGRGGFQETQYF,0.0
TRBV5-6;TRBJ2-5_CASSQSQGWRETQYF,0.0
TRBV5-6;TRBJ2-5_CASSSGETQYF,0.0
TRBV5-6;TRBJ2-5_CASSSLGRDGQETQYF,0.0
TRBV5-6;TRBJ2-5_CASSTGTSSRETQYF,0.0
TRBV5-6;TRBJ2-6_CASRIQGSSGANVLTF,0.0
TRBV5-6;TRBJ2-7_CASILLGQDSYEQYF,0.0
TRBV5-6;TRBJ2-7_CASRDQGAIYEQYF,0.0
TRBV5-6;TRBJ2-7_CASRLRPTGYYEQYF,0.0
TRBV5-6;TRBJ2-7_CASSGTGPNHEQYF,0.0
TRBV5-6;TRBJ2-7_CASSLLGNYEQYF,0.0
TRBV5-6;TRBJ2-7_CASSLVSGGEQYF,0.0
TRBV5-6;TRBJ2-7_CASSPVGQTAYEQYF,0.0
TRBV5-6;TRBJ2-7_CASSRRRIYEQYF,0.0
TRBV5-6;TRBJ2-7_CASSSDRGHSYEQYF,0.0
TRBV5-7;TRBJ2-7_CASSSQGHLSYEQYF,0.0
TRBV5-8;TRBJ1-1_CASRQGAGYTEAFF,0.0
TRBV5-8;TRBJ1-4_CASSLPRNNEKLFF,1.0
TRBV5-8;TRBJ1-5_CASSLYGQAKDNQPQHF,0.0
TRBV5-8;TRBJ1-6_CASSPISNSPLHF,0.0
TRBV5-8;TRBJ2-2_CASSPWASGGKTGELFF,0.0
TRBV5-8;TRBJ2-2_CASSRDLETGELFF,0.0
TRBV5-8;TRBJ2-3_CASSFGQGGTDTQYF,1.0
TRBV5-8;TRBJ2-3_CASSLGPLGDTQYF,1.0
TRBV5-8;TRBJ2-6_CASSLVLGTGESSGANVLTF,0.0
TRBV5-8;TRBJ2-7_CASSRGTGGIYEQYF,0.0
TRBV6-1;TRBJ1-1_CASKRENTEAFF,0.0
TRBV6-1;TRBJ1-1_CASSASGSTEAFF,0.0
TRBV6-1;TRBJ1-1_CASSEAAEGTEAFF,0.0
TRBV6-1;TRBJ1-1_CASSEADRGGRWNTEAFF,0.0
TRBV6-1;TRBJ1-1_CASSEREVAEAFF,0.0
TRBV6-1;TRBJ1-1_CASSETGTALNTEAFF,0.0
TRBV6-1;TRBJ1-1_CASSSGQGGEAFF,0.0
TRBV6-1;TRBJ1-1_CASSTRGGANTEAFF,0.0
TRBV6-1;TRBJ1-1_CASSVGGYSTEAFF,0.0
TRBV6-1;TRBJ1-1_CASTPRQEGVYTEAFF,0.0
TRBV6-1;TRBJ1-1_CASTVDRSNTEAFF,0.0
TRBV6-1;TRBJ1-1_CASTWQTNTEAFF,0.0
TRBV6-1;TRBJ1-2_CASGRGQGLEGYTF,0.0
TRBV6-1;TRBJ1-2_CASKGDGYYGYTF,0.0
TRBV6-1;TRBJ1-2_CASSDPDTLRNYGYTF,0.0
TRBV6-1;TRBJ1-2_CASSEAETGGAGYTF,0.3333333333333333
TRBV6-1;TRBJ1-2_CASSEAGGHGYTF,0.0
TRBV6-1;TRBJ1-2_CASSEAPDRAGGYTF,0.0
TRBV6-1;TRBJ1-2_CASSENSGGANYGYTF,1.0
TRBV6-1;TRBJ1-2_CASSENWGYTF,0.0
TRBV6-1;TRBJ1-2_CASSETSNYGYTF,0.0
TRBV6-1;TRBJ1-2_CASSEVGQVYGYTF,0.0
TRBV6-1;TRBJ1-2_CASSRPGRDNYGYTF,0.0
TRBV6-1;TRBJ1-2_CASSSDRVGGYTF,0.0
TRBV6-1;TRBJ1-3_CASREGNSGNTIYF,0.0
TRBV6-1;TRBJ1-3_CASRRGDTGNTIYF,1.0
TRBV6-1;TRBJ1-4_CASRANEKLFF,0.0
TRBV6-1;TRBJ1-4_CASRGTGDTEKLFF,0.0
TRBV6-1;TRBJ1-4_CASSFQTGLAEKLFF,0.0
TRBV6-1;TRBJ1-4_CASSLLLGTNEKLFF,0.0
TRBV6-1;TRBJ1-4_CASSPTPEGEKLFF,1.0
TRBV6-1;TRBJ1-4_CATQTDEKLFF,0.0
TRBV6-1;TRBJ1-5_CASGLNQGDQPQHF,1.0
TRBV6-1;TRBJ1-5_CASGQGAGQPQHF,0.0
TRBV6-1;TRBJ1-5_CASRVQDEGNQPQHF,0.0
TRBV6-1;TRBJ1-5_CASSDLGPQHF,0.0
TRBV6-1;TRBJ1-5_CASSEAELSNQPQHF,0.0
TRBV6-1;TRBJ1-5_CASSEAVDRGGQPQHF,0.0
TRBV6-1;TRBJ1-5_CASSEGHYYSNQPQHF,0.0
TRBV6-1;TRBJ1-5_CASSEGSGGARREPQHF,1.0
TRBV6-1;TRBJ1-5_CASSEGTGGGQPQHF,0.0
TRBV6-1;TRBJ1-5_CASSEGVDSYSNQPQHF,0.0
TRBV6-1;TRBJ1-5_CASSEIRGQPQHF,0.0
TRBV6-1;TRBJ1-5_CASSEWGQPQHF,0.0
TRBV6-1;TRBJ1-6_CASSEGLIYSPLHF,0.0
TRBV6-1;TRBJ1-6_CASSGQGGNSPLHF,0.0
TRBV6-1;TRBJ2-1_CASALGLAGGNEQFF,0.0
TRBV6-1;TRBJ2-1_CASRSWGNEQFF,0.0
TRBV6-1;TRBJ2-1_CASSDGQEYNEQFF,0.0
TRBV6-1;TRBJ2-1_CASSDLGLAKEQFF,0.0
TRBV6-1;TRBJ2-1_CASSEARKARNEQFF,1.0
TRBV6-1;TRBJ2-1_CASSEASGGGNEQFF,0.0
TRBV6-1;TRBJ2-1_CASSEFSEVNEQFF,0.0
TRBV6-1;TRBJ2-1_CASSEKTDSYNEQFF,0.0
TRBV6-1;TRBJ2-1_CASSELAGGLDEQFF,0.0
TRBV6-1;TRBJ2-1_CASSETSGGSHEQFF,0.0
TRBV6-1;TRBJ2-1_CASSEVAGGLYNEQFF,0.0
TRBV6-1;TRBJ2-1_CASSEVGIIYNEQFF,0.0
TRBV6-1;TRBJ2-1_CASSEWYARQDNEQFF,0.0
TRBV6-1;TRBJ2-1_CASSGAPAMGQFF,0.0
TRBV6-1;TRBJ2-1_CASSHVWDGYNEQFF,0.0
TRBV6-1;TRBJ2-1_CASSTEQGRFHNEQFF,0.0
TRBV6-1;TRBJ2-2_CASKRAGSTGELFF,0.0
TRBV6-1;TRBJ2-2_CASLGGVAGDTGELFF,0.0
TRBV6-1;TRBJ2-2_CASQGDGRTGELFF,0.0
TRBV6-1;TRBJ2-2_CASRAGLAGAGELFF,0.0
TRBV6-1;TRBJ2-2_CASRDRGRTGELFF,0.0
TRBV6-1;TRBJ2-2_CASSELAGGVGELFF,0.0
TRBV6-1;TRBJ2-2_CASSEQGVGELFF,0.0
TRBV6-1;TRBJ2-2_CASSRMEGLNTGELFF,0.0
TRBV6-1;TRBJ2-2_CASSSESGGKGGELFF,0.0
TRBV6-1;TRBJ2-3_CAIRGADTQYF,0.0
TRBV6-1;TRBJ2-3_CASAGGNTQYF,1.0
TRBV6-1;TRBJ2-3_CASHGTGETDTQYF,0.0
TRBV6-1;TRBJ2-3_CASLRGGSGRVGTDTQYF,0.0
TRBV6-1;TRBJ2-3_CASSDLQGTDTQYF,0.0
TRBV6-1;TRBJ2-3_CASSEERGGTDTQYF,0.0
TRBV6-1;TRBJ2-3_CASSELAGRTDTQYF,0.0
TRBV6-1;TRBJ2-3_CASSEQTSGSGADTQYF,0.0
TRBV6-1;TRBJ2-3_CASSGQSGADTQYF,0.0
TRBV6-1;TRBJ2-3_CASSGQTGADTQYF,0.0
TRBV6-1;TRBJ2-3_CASSGTLRRTSTDTQYF,1.0
TRBV6-1;TRBJ2-3_CASSLNRGLRTDTQYF,0.0
TRBV6-1;TRBJ2-3_CASSPEKTGTGGWF,1.0
TRBV6-1;TRBJ2-3_CASSTLREHTQYF,0.0
TRBV6-1;TRBJ2-3_CASTEVAGTTDTQYF,0.0
TRBV6-1;TRBJ2-3_CASTPKAASSTDTQYF,0.0
TRBV6-1;TRBJ2-4_CASRPGTNTPTRNIQYF,0.0
TRBV6-1;TRBJ2-4_CASSEALGFAKNIQYF,0.0
TRBV6-1;TRBJ2-4_CASSESGGYGKAKNIQYF,0.0
TRBV6-1;TRBJ2-4_CASSESLGQENIQYF,0.0
TRBV6-1;TRBJ2-5_CASISYRGRGVETQYF,0.0
TRBV6-1;TRBJ2-5_CASSDGEEQETQYF,0.0
TRBV6-1;TRBJ2-5_CASSEAAGGPETQYF,0.0
TRBV6-1;TRBJ2-5_CASSEATFGTRLLQETQYF,0.0
TRBV6-1;TRBJ2-5_CASSEDDYLETQYF,0.0
TRBV6-1;TRBJ2-5_CASSGGQSETQYF,0.0
TRBV6-1;TRBJ2-5_CASSPGTGTQYF,0.0
TRBV6-1;TRBJ2-6_CASSEFGQKNSGANVLTF,0.0
TRBV6-1;TRBJ2-6_CASSGDRAGANVLTF,0.0
TRBV6-1;TRBJ2-6_CASSGTATGANVLTF,0.0
TRBV6-1;TRBJ2-6_CASSLGGSGANVLTF,0.0
TRBV6-1;TRBJ2-6_CASTASGSSSGANVLTF,200000000.0
TRBV6-1;TRBJ2-6_CASVRHSSGANVLTF,0.0
TRBV6-1;TRBJ2-6_CAVSPGSGANVLTF,0.0
TRBV6-1;TRBJ2-7_CASAGRAFYEQYF,0.0
TRBV6-1;TRBJ2-7_CASKKVQNYEQYF,0.0
TRBV6-1;TRBJ2-7_CASNRDYYSYEQYF,0.0
TRBV6-1;TRBJ2-7_CASRAGTSYEQYF,0.0
TRBV6-1;TRBJ2-7_CASRARGGGYEQYF,1.0
TRBV6-1;TRBJ2-7_CASRGTGNSYEQYF,0.0
TRBV6-1;TRBJ2-7_CASRKGLTLYEQYF,0.0
TRBV6-1;TRBJ2-7_CASRPGQGYHEQYF,1.0
TRBV6-1;TRBJ2-7_CASRQTATYEQYF,0.0
TRBV6-1;TRBJ2-7_CASRSPIFQEYF,1.0
TRBV6-1;TRBJ2-7_CASSAEAGNSYEQYF,0.0
TRBV6-1;TRBJ2-7_CASSAGTPTYEQYF,1.0
TRBV6-1;TRBJ2-7_CASSALTGGDEQYF,0.0
TRBV6-1;TRBJ2-7_CASSASSGITYEQYF,0.0
TRBV6-1;TRBJ2-7_CASSDALALSGHEQYF,0.0
TRBV6-1;TRBJ2-7_CASSDRHRGGYEQYF,0.0
TRBV6-1;TRBJ2-7_CASSEALRRSGPIREQYF,0.0
TRBV6-1;TRBJ2-7_CASSEDTGGPREQYF,0.0
TRBV6-1;TRBJ2-7_CASSEEAGGWGTYEQYF,0.0
TRBV6-1;TRBJ2-7_CASSEESSTSYEQYF,0.0
TRBV6-1;TRBJ2-7_CASSEKGLRTYEQYF,0.0
TRBV6-1;TRBJ2-7_CASSERLAENYEQYF,0.0
TRBV6-1;TRBJ2-7_CASSESGGVREQYF,0.0
TRBV6-1;TRBJ2-7_CASSGRQGRNEQYF,0.0
TRBV6-1;TRBJ2-7_CASSPTGWEQYF,1.0
TRBV6-1;TRBJ2-7_CASSRTGLGYEQYF,1.0
TRBV6-1;TRBJ2-7_CASSVGLPSYEQYF,1.0
TRBV6-1;TRBJ2-7_CASTEGAVPYEQYF,0.0
TRBV6-1;TRBJ2-7_CATHDLTDSYEQYF,0.0
TRBV6-2;TRBJ1-1_CASNSGGANTEAFF,0.0
TRBV6-2;TRBJ1-1_CASSSWTGNTEAFF,0.0
TRBV6-2;TRBJ1-1_CASSYTGGTEAFF,0.0
TRBV6-2;TRBJ1-1_CASSYTNTPSGNTEAFF,0.0
TRBV6-2;TRBJ1-1_CASTQSLLSEAFF,0.0
TRBV6-2;TRBJ1-2_CASSSVNPRGRYGYTF,0.0
TRBV6-2;TRBJ1-2_CASSYFQGLDGYTF,0.0
TRBV6-2;TRBJ1-4_CASSYGQATNEKLFF,0.0
TRBV6-2;TRBJ1-5_CASSTGNQPQHF,0.0
TRBV6-2;TRBJ1-5_CASSYGDRGNQPQHF,0.0
TRBV6-2;TRBJ1-5_CASSYGGVGSQPQHF,1.0
TRBV6-2;TRBJ1-5_CASSYPFPSGTGSPNQPQHF,0.0
TRBV6-2;TRBJ1-5_CASSYSEQGAVPQHF,1.0
TRBV6-2;TRBJ1-6_CASKTGDSPLHF,0.0
TRBV6-2;TRBJ1-6_CASRSRDVGIIPLHF,0.0
TRBV6-2;TRBJ1-6_CASSVRRGNLNSPLHF,0.0
TRBV6-2;TRBJ2-1_CASRNHPRTSGKSSYNEQFF,0.0
TRBV6-2;TRBJ2-1_CASSDRENNEQFF,0.25
TRBV6-2;TRBJ2-1_CASSLRTGLNEQFF,0.0
TRBV6-2;TRBJ2-1_CASSLYSGGEQFF,0.0
TRBV6-2;TRBJ2-1_CASSYGYNEQFF,1.0
TRBV6-2;TRBJ2-1_CASSYSELAGRSYNEQFF,0.0
TRBV6-2;TRBJ2-1_CASSYSSGGYNEQFF,0.0
TRBV6-2;TRBJ2-1_CASTKLVYHEQFF,0.0
TRBV6-2;TRBJ2-1_CASTLGLEQFF,0.0
TRBV6-2;TRBJ2-2_CAILPDFTNTGELFF,0.0
TRBV6-2;TRBJ2-2_CASRHRNTGELFF,0.0
TRBV6-2;TRBJ2-2_CASSFYTSGRRTGELFF,1.0
TRBV6-2;TRBJ2-2_CASTRPYTGELFF,0.0
TRBV6-2;TRBJ2-3_CASSHSTRTDTQYF,0.0
TRBV6-2;TRBJ2-3_CASSPSHSGGDTQYF,0.0
TRBV6-2;TRBJ2-3_CASSQGLAVSTDTQYF,0.0
TRBV6-2;TRBJ2-3_CASSQWHTQYF,0.0
TRBV6-2;TRBJ2-3_CASSYPGDTQYF,0.0
TRBV6-2;TRBJ2-3_CASSYSSSGGLVSFTDTQYF,0.0
TRBV6-2;TRBJ2-3_CASTIRGEVDTQYF,0.0
TRBV6-2;TRBJ2-4_CASRATGSDVAKNIQYF,0.0
TRBV6-2;TRBJ2-5_CASRGTVQETQYF,0.0
TRBV6-2;TRBJ2-5_CASRNGGKQETQYF,0.0
TRBV6-2;TRBJ2-5_CASSRTSGRVLFGETQYF,1.0
TRBV6-2;TRBJ2-5_CASTHGREGETQYF,0.0
TRBV6-2;TRBJ2-6_CASSYTNSGANVLTF,0.0
TRBV6-2;TRBJ2-6_CASTLWLLANVLTF,0.0
TRBV6-2;TRBJ2-7_CASRKRETEQYF,1.0
TRBV6-2;TRBJ2-7_CASSDPDRDEQYF,0.0
TRBV6-2;TRBJ2-7_CASSKAYEQYF,0.0
TRBV6-2;TRBJ2-7_CASSLRGNEQYF,0.0
TRBV6-2;TRBJ2-7_CASSNAYEQYF,0.0
TRBV6-2;TRBJ2-7_CASSNLPGGIDYEQYF,0.0
TRBV6-2;TRBJ2-7_CASSWTSESYEQYF,0.0
TRBV6-2;TRBJ2-7_CASSYSPDRSYEQYF,0.0
TRBV6-4;TRBJ1-1_CASSSMNTEAFF,0.0
TRBV6-4;TRBJ1-2_CASSDQPDGNYGYTF,0.5
TRBV6-4;TRBJ1-4_CASSDGEGPANEKLFF,0.0
TRBV6-4;TRBJ1-5_CASSDPGKGNQPQHF,0.0
TRBV6-4;TRBJ2-1_CASRRDYSSYNEQFF,0.0
TRBV6-4;TRBJ2-1_CASSDEAPLAGGPYNEQFF,0.0
TRBV6-4;TRBJ2-1_CASSDGTSGGNEQFF,0.0
TRBV6-4;TRBJ2-1_CASSELAGGPDEQFF,0.0
TRBV6-4;TRBJ2-2_CASSDRNTGELFF,0.0
TRBV6-4;TRBJ2-3_CASSAGTSGGADTQYF,1.0
TRBV6-4;TRBJ2-3_CASSDGEADTQYF,0.0
TRBV6-4;TRBJ2-3_CASSDGVTDTQYF,1.0
TRBV6-4;TRBJ2-3_CASSDKETDTQYF,0.0
TRBV6-4;TRBJ2-3_CASSDSSAGTDTQYF,0.0
TRBV6-4;TRBJ2-3_CASSDTSGSSDTQYF,0.0
TRBV6-4;TRBJ2-3_CASSERDTDTQYF,0.0
TRBV6-4;TRBJ2-3_CASSERGGTDTQYF,0.0
TRBV6-4;TRBJ2-3_CASSETSGSTDTQYF,0.6666666666666666
TRBV6-4;TRBJ2-3_CASSHNAGGTDTQYF,1.0
TRBV6-4;TRBJ2-3_CASSQAGGTDTQYF,0.0
TRBV6-4;TRBJ2-3_CASSRSGREDTQYF,0.0
TRBV6-4;TRBJ2-3_CASSVGTSGEDTQYF,0.0
TRBV6-4;TRBJ2-3_CASSVSTTDTQYF,0.0
TRBV6-4;TRBJ2-6_CASSDSAGTGANVLTF,1.0
TRBV6-4;TRBJ2-7_CASSEGAGEAYEQYF,0.0
TRBV6-5;TRBJ1-1_CASFGQGGTEAFF,0.0
TRBV6-5;TRBJ1-1_CASSISAVNTEAFF,0.5294117647058824
TRBV6-5;TRBJ1-1_CASSKAGNTEAFF,0.0
TRBV6-5;TRBJ1-1_CASSKQGGTEAFF,0.0
TRBV6-5;TRBJ1-1_CASSPGGHTEAFF,0.0
TRBV6-5;TRBJ1-1_CASSSRTGEATEAFF,0.0
TRBV6-5;TRBJ1-1_CASSSTGTANTEAFF,0.0
TRBV6-5;TRBJ1-1_CASSWTGSMNTEAFF,0.0
TRBV6-5;TRBJ1-1_CASSYSPDRVGTEAFF,0.0
TRBV6-5;TRBJ1-1_CASSYSRGDTEAFF,0.0
TRBV6-5;TRBJ1-1_CASSYSRTGRTEAFF,0.0
TRBV6-5;TRBJ1-1_CASSYSSRTAMNTEAFF,0.0
TRBV6-5;TRBJ1-2_CASSKSRVSNYGYTF,0.0
TRBV6-5;TRBJ1-2_CASSLGPGSSYGYTF,0.0
TRBV6-5;TRBJ1-2_CASSSHSDYGYTF,0.0
TRBV6-5;TRBJ1-2_CASSYDLGGGNYGYTF,0.0
TRBV6-5;TRBJ1-2_CASSYSRGAPGYTF,1.0
TRBV6-5;TRBJ1-2_CASSYSVTNYGYTF,0.0
TRBV6-5;TRBJ1-2_CASTPRTGFDGYTF,1.0
TRBV6-5;TRBJ1-3_CASSGPIPGRSSGNTIYF,0.0
TRBV6-5;TRBJ1-3_CASSPFGSGNTIYF,0.0
TRBV6-5;TRBJ1-3_CASSPQGGSGNTIYF,0.0
TRBV6-5;TRBJ1-3_CASSSVRAGNTIYF,1.0
TRBV6-5;TRBJ1-4_CASRKDRGATNEKLFF,0.0
TRBV6-5;TRBJ1-4_CASRRSTGTATNEKLFF,0.0
TRBV6-5;TRBJ1-4_CASSGTGLTNEKLFF,0.0
TRBV6-5;TRBJ1-4_CASSYGRSRPEKLFF,0.0
TRBV6-5;TRBJ1-4_CASSYSTGWFEKLFF,0.0
TRBV6-5;TRBJ1-5_CASRGGPRQPQHF,0.0
TRBV6-5;TRBJ1-5_CASSYSRGGDQPQHF,0.0
TRBV6-5;TRBJ1-5_CASSYSTARAPNRRAQHF,0.0
TRBV6-5;TRBJ1-6_CASKQGPSLNSPLHF,0.0
TRBV6-5;TRBJ1-6_CASSYFPGQNSPLHF,1.0
TRBV6-5;TRBJ1-6_CASSYSDSPLHF,0.0
TRBV6-5;TRBJ1-6_CASSYSFRSYNSPLHF,0.0
TRBV6-5;TRBJ1-6_CASSYSPGMGSPLHF,0.0
TRBV6-5;TRBJ2-1_CASRRTGGGGNEQFF,0.0
TRBV6-5;TRBJ2-1_CASRSGGFDYNEQFF,0.0
TRBV6-5;TRBJ2-1_CASSLDGAVEYNEQFF,0.0
TRBV6-5;TRBJ2-1_CASSNSGGAHEQFF,0.0
TRBV6-5;TRBJ2-1_CASSQTSAYNEQFF,1.0
TRBV6-5;TRBJ2-1_CASSRRPTSGGAYEQFF,0.0
TRBV6-5;TRBJ2-1_CASSSLGTSGRYNEQFF,0.0
TRBV6-5;TRBJ2-1_CASSSRIAGSYNEQFF,0.0
TRBV6-5;TRBJ2-1_CASSYGGHSHNNEQFF,0.0
TRBV6-5;TRBJ2-1_CASSYRFSTGGPGEQFF,0.0
TRBV6-5;TRBJ2-1_CASSYSFAGGRSSYNEQFF,0.0
TRBV6-5;TRBJ2-1_CASSYSGFNEQFF,0.0
TRBV6-5;TRBJ2-1_CASSYSPPGLAVTNEQFF,0.0
TRBV6-5;TRBJ2-1_CASSYSTAGVYNEQFF,1.0
TRBV6-5;TRBJ2-2_CASRGTSGVGHTGELFF,0.0
TRBV6-5;TRBJ2-2_CASSNMGRNPGELFF,0.0
TRBV6-5;TRBJ2-2_CASSTPAGGRGGELFF,0.0
TRBV6-5;TRBJ2-2_CASSTSVGSSGELFF,0.0
TRBV6-5;TRBJ2-2_CASSTTGVGGELFF,0.0
TRBV6-5;TRBJ2-3_CASRPGLAVVTQYF,1.0
TRBV6-5;TRBJ2-3_CASRRTQNIDTQYF,0.0
TRBV6-5;TRBJ2-3_CASRTTGGLDTQYF,0.0
TRBV6-5;TRBJ2-3_CASSGLAGGGGSTDTQYF,1.0
TRBV6-5;TRBJ2-3_CASSLRTGGRTDTQYF,0.0
TRBV6-5;TRBJ2-3_CASSYEGQGTDTQYF,0.0
TRBV6-5;TRBJ2-3_CASSYLSGARTDTQYF,0.0
TRBV6-5;TRBJ2-3_CASSYQQHTDTQYF,0.0
TRBV6-5;TRBJ2-3_CASSYSGADSDTQYF,0.0
TRBV6-5;TRBJ2-3_CASSYSRRSTDTQYF,0.0
TRBV6-5;TRBJ2-5_CASSYSGTQLETQYF,0.0
TRBV6-5;TRBJ2-5_CASSYSITGGQETQYF,0.0
TRBV6-5;TRBJ2-5_CASSYTNLVGQETQYF,1.0
TRBV6-5;TRBJ2-5_CASTGGQGGQETQYF,1.0
TRBV6-5;TRBJ2-6_CASCGGSRTFSGANVLTF,0.0
TRBV6-5;TRBJ2-6_CASRISSGANVLTF,0.0
TRBV6-5;TRBJ2-6_CASSPTGFDAGANVLTF,0.0
TRBV6-5;TRBJ2-7_CASRGTLNYEQYF,0.0
TRBV6-5;TRBJ2-7_CASRLWDSDEQYF,0.0
TRBV6-5;TRBJ2-7_CASRNEAISYEQYF,0.0
TRBV6-5;TRBJ2-7_CASRRGVGEGSSYEQYF,0.0
TRBV6-5;TRBJ2-7_CASRTVAASSYEQYF,0.0
TRBV6-5;TRBJ2-7_CASSLSLGGADEQYF,0.0
TRBV6-5;TRBJ2-7_CASSLTHGTGQTYEQYF,1.0
TRBV6-5;TRBJ2-7_CASSPRVLTNEQYF,0.0
TRBV6-5;TRBJ2-7_CASSQHLTGSGYEQYF,1.0
TRBV6-5;TRBJ2-7_CASSYETSGMYEQYF,0.0
TRBV6-5;TRBJ2-7_CASSYGAETYEQYF,0.0
TRBV6-5;TRBJ2-7_CASSYRERETVQYF,1.0
TRBV6-5;TRBJ2-7_CASSYSNSLGEQYF,0.29411764705882354
TRBV6-5;TRBJ2-7_CASTPSGGAYEQYF,0.0
TRBV6-6;TRBJ1-1_CASSFVGTEAFF,0.0
TRBV6-6;TRBJ1-1_CASSYSKGMNTEAFF,0.0
TRBV6-6;TRBJ1-1_CASSYSLGGTEAFF,0.0
TRBV6-6;TRBJ1-2_CASSAGTGIYGYTF,0.0
TRBV6-6;TRBJ1-2_CASSSGTANYGYTF,0.0
TRBV6-6;TRBJ1-2_CASSVRDRSYGYTF,0.0
TRBV6-6;TRBJ1-2_CASSYSGYTF,0.0
TRBV6-6;TRBJ1-2_CASSYSLDRGRRSYGYTF,0.0
TRBV6-6;TRBJ1-3_CASSYFSSSGNTIYF,0.0
TRBV6-6;TRBJ1-4_CASRQDGNEKLFF,0.0
TRBV6-6;TRBJ1-4_CASSRTHEKLFF,0.0
TRBV6-6;TRBJ1-4_CASSYFGTGGEKLFF,0.0
TRBV6-6;TRBJ1-4_CASSYGQATNEKLFF,0.0
TRBV6-6;TRBJ1-4_CASSYSGRLGATNEKLFF,0.0
TRBV6-6;TRBJ1-5_CASMSGYNQPQHF,0.0
TRBV6-6;TRBJ1-5_CASRDREPNQPQHF,0.0
TRBV6-6;TRBJ1-5_CASRLPGGEQPQHF,0.0
TRBV6-6;TRBJ1-5_CASSRTGGDQPQHF,0.0
TRBV6-6;TRBJ1-5_CASSWDIYQPQHF,0.0
TRBV6-6;TRBJ1-5_CASSYGGQGDQPQHF,0.0
TRBV6-6;TRBJ1-5_CASSYGYFNQPQHF,0.0
TRBV6-6;TRBJ1-6_CASSPGSSFSPLHF,0.0
TRBV6-6;TRBJ1-6_CASSQGESPLHF,0.0
TRBV6-6;TRBJ1-6_CASSYLNPDRRNSPLHF,0.0
TRBV6-6;TRBJ1-6_CASSYPYGEGALNSPLHF,0.0
TRBV6-6;TRBJ2-1_CASHLAGGQNEQFF,0.0
TRBV6-6;TRBJ2-1_CASILGSQQFF,0.0
TRBV6-6;TRBJ2-1_CASQRSSYNEQFF,0.0
TRBV6-6;TRBJ2-1_CASRPLSGGGYEQFF,0.0
TRBV6-6;TRBJ2-1_CASRTSGGNEQFF,0.0
TRBV6-6;TRBJ2-1_CASSLINEQFF,0.0
TRBV6-6;TRBJ2-1_CASSPISRDRGHEQFF,0.0
TRBV6-6;TRBJ2-1_CASSSEGLKTYNEQFF,0.0
TRBV6-6;TRBJ2-1_CASSYRGGGSDEQFF,0.0
TRBV6-6;TRBJ2-1_CASTDGLAGNNEQFF,0.0
TRBV6-6;TRBJ2-1_CASTPYPGAYNEQFF,0.0
TRBV6-6;TRBJ2-2_CAITGTGSTGELFF,0.0
TRBV6-6;TRBJ2-2_CASMVAGDTGELFF,0.0
TRBV6-6;TRBJ2-2_CASSLITGELFF,0.0
TRBV6-6;TRBJ2-2_CASSQTGGGGELFF,0.0
TRBV6-6;TRBJ2-2_CASSSRSNTGELFF,0.0
TRBV6-6;TRBJ2-2_CASSYQGQNTGELFF,0.0
TRBV6-6;TRBJ2-2_CASTGLAGEPGELFF,0.0
TRBV6-6;TRBJ2-3_CASRTSGRISGTTDTQYF,0.0
TRBV6-6;TRBJ2-3_CASSAPTSPDTQYF,0.0
TRBV6-6;TRBJ2-3_CASSFIYTDTQYF,200000000.0
TRBV6-6;TRBJ2-3_CASSGVGREADTQYF,0.0
TRBV6-6;TRBJ2-3_CASSRLAGGDTQYF,0.0
TRBV6-6;TRBJ2-4_CASSNRGGIAKNIQYF,0.0
TRBV6-6;TRBJ2-4_CASSYPPLLREGVAKNIQYF,0.0
TRBV6-6;TRBJ2-4_CASSYTDRDLAKNIQYF,0.0
TRBV6-6;TRBJ2-5_CASRDHGREETQYF,0.0
TRBV6-6;TRBJ2-5_CASRPFDGLAGGEDQETQYF,0.0
TRBV6-6;TRBJ2-5_CASSPSRVPQETQYF,1.0
TRBV6-6;TRBJ2-5_CASSYGWGLMETQYF,0.0
TRBV6-6;TRBJ2-5_CASSYHGGRETQYF,0.0
TRBV6-6;TRBJ2-5_CASSYLGLAEETQYF,0.0
TRBV6-6;TRBJ2-7_CASNDRGRAYEQYF,0.0
TRBV6-6;TRBJ2-7_CASNKGLAGYEQYF,0.0
TRBV6-6;TRBJ2-7_CASRDSNYEQYF,0.0
TRBV6-6;TRBJ2-7_CASRFGSGDSYEQYF,0.0
TRBV6-6;TRBJ2-7_CASSAGGGSDEQYF,0.0
TRBV6-6;TRBJ2-7_CASSPGTPKAQYF,0.0
TRBV6-6;TRBJ2-7_CASSSLRGTYEQYF,0.0
TRBV6-6;TRBJ2-7_CASSSTTYEQYF,0.0
TRBV6-6;TRBJ2-7_CASSTGEREVYEQYF,0.0
TRBV6-6;TRBJ2-7_CASSWGSRDRAYEQYF,1.0
TRBV6-6;TRBJ2-7_CASSWTSGGDEQYF,0.0
TRBV6-6;TRBJ2-7_CASSYSIDASHEQYF,0.0
TRBV6-6;TRBJ2-7_CASSYSMGEQYF,0.0
TRBV6-6;TRBJ2-7_CASSYSRDRAYEQYF,0.0
TRBV6-6;TRBJ2-7_CATGTPVVYEQYF,0.0
TRBV6-9;TRBJ2-7_CASSYLADRSSYEQYF,0.0
TRBV7-2;TRBJ1-1_CASALGGSVTEAFF,0.0
TRBV7-2;TRBJ1-1_CASSLDGNTEAFF,0.0
TRBV7-2;TRBJ1-1_CASSLGAGYTEAFF,1.0
TRBV7-2;TRBJ1-1_CASSNNAGQTFF,0.0
TRBV7-2;TRBJ1-1_CASSPGTGGTEAFF,1.0
TRBV7-2;TRBJ1-1_CASSSLKPGQKNTEAFF,0.0
TRBV7-2;TRBJ1-1_CASSSQGANTEAFF,0.0
TRBV7-2;TRBJ1-1_CASSYRMNTEAFF,0.0
TRBV7-2;TRBJ1-2_CASSFRQGAYGYTF,0.0
TRBV7-2;TRBJ1-2_CASSPANQGHNYGYTF,0.0
TRBV7-2;TRBJ1-2_CASSPGPDYGYTF,0.0
TRBV7-2;TRBJ1-2_CASSQRTGNHYGYTF,0.0
TRBV7-2;TRBJ1-2_CASSRRESLYGYTF,0.0
TRBV7-2;TRBJ1-3_CASSRGSGNTIYF,0.0
TRBV7-2;TRBJ1-3_CASSSRGAHSGNTIYF,0.0
TRBV7-2;TRBJ1-4_CASSLTGFEKLFF,0.0
TRBV7-2;TRBJ1-5_CASSLDGGGNQPQHF,0.0
TRBV7-2;TRBJ1-5_CASSSGQGWNQPQHF,0.0
TRBV7-2;TRBJ1-6_CASIPSVREDSPLHF,0.0
TRBV7-2;TRBJ1-6_CASSLGSGMGGRNSPLHF,0.0
TRBV7-2;TRBJ1-6_CASSLGVGQGNSPLHF,1.0
TRBV7-2;TRBJ1-6_CASSLSGTASYNSPLHF,1.0
TRBV7-2;TRBJ1-6_CASSLSQNHNSPLHF,0.0
TRBV7-2;TRBJ2-1_CASKPSVSSYNEQFF,0.0
TRBV7-2;TRBJ2-1_CASRSGMVGNEQFF,0.0
TRBV7-2;TRBJ2-1_CASRTGPFSYNEQFF,1.0
TRBV7-2;TRBJ2-1_CASSLAGRRGSSYNEQFF,0.0
TRBV7-2;TRBJ2-1_CASSLQGPYNEQFF,1.0
TRBV7-2;TRBJ2-1_CASSLSREIHEQFF,0.0
TRBV7-2;TRBJ2-1_CASSNGQAGYNEQFF,0.0
TRBV7-2;TRBJ2-1_CASSNHPLAGYPYNEQFF,0.0
TRBV7-2;TRBJ2-1_CASSPRGHSVDEQFF,0.0
TRBV7-2;TRBJ2-1_CASSSGWGALGANEQFF,0.0
TRBV7-2;TRBJ2-1_CASSSQGDEQFF,0.0
TRBV7-2;TRBJ2-1_CASSTQVSSYNEQFF,0.0
TRBV7-2;TRBJ2-1_CASSWLGLNEQFF,0.9166666666666666
TRBV7-2;TRBJ2-2_CAIPQGSGRAYTGELFF,0.0
TRBV7-2;TRBJ2-2_CASSFGPGTGNTGELFF,1.0
TRBV7-2;TRBJ2-2_CASSHAFTGELFF,0.0
TRBV7-2;TRBJ2-2_CASSKAGLGGELFF,0.0
TRBV7-2;TRBJ2-2_CASSLAGNTGELFF,0.0
TRBV7-2;TRBJ2-2_CASSLQGGFSTGELFF,0.0
TRBV7-2;TRBJ2-2_CASSLQGWSTGELFF,0.0
TRBV7-2;TRBJ2-2_CASSLRQGAFAGELFF,0.0
TRBV7-2;TRBJ2-2_CASSPPDRVLVTGELFF,0.0
TRBV7-2;TRBJ2-2_CASSPRTTGELFF,300000000.0
TRBV7-2;TRBJ2-2_CASTKDANTGELFF,0.0
TRBV7-2;TRBJ2-3_CASSETREDTQYF,1.0
TRBV7-2;TRBJ2-3_CASSLATDTQYF,0.0
TRBV7-2;TRBJ2-3_CASSLFGSGTDTQYF,1.0
TRBV7-2;TRBJ2-3_CASSLRGGTQYF,0.0
TRBV7-2;TRBJ2-3_CASSPRGGDTQYF,0.0
TRBV7-2;TRBJ2-3_CASSRGLSTDTQYF,0.0
TRBV7-2;TRBJ2-3_CASSVFATSGGGDTQYF,1.0
TRBV7-2;TRBJ2-3_CASSYDGGDTQYF,0.0
TRBV7-2;TRBJ2-3_CATNFGQGTDTQYF,1.0
TRBV7-2;TRBJ2-5_CASSFGQEETQYF,0.0
TRBV7-2;TRBJ2-5_CASSFLQGWETQYF,0.0
TRBV7-2;TRBJ2-5_CASSFRYQETQYF,0.0
TRBV7-2;TRBJ2-5_CASSLGLAPETQYF,0.0
TRBV7-2;TRBJ2-5_CASSLGSETQYF,1.0
TRBV7-2;TRBJ2-5_CASSLNWDGTQYF,0.0
TRBV7-2;TRBJ2-5_CASSLPGGRETQYF,1.0
TRBV7-2;TRBJ2-5_CASSLTSGTEETQYF,0.0
TRBV7-2;TRBJ2-5_CASSLVGWPQEGTQYF,0.0
TRBV7-2;TRBJ2-5_CASSPPSGRAHETQYF,0.0
TRBV7-2;TRBJ2-5_CASSPRAGEGETQYF,0.0
TRBV7-2;TRBJ2-5_CASSSGLAEGTQYF,0.0
TRBV7-2;TRBJ2-5_CASSSYRQETQYF,0.0
TRBV7-2;TRBJ2-5_CASSWDFQGETQYF,0.0
TRBV7-2;TRBJ2-5_CASTRGSGSFETQYF,1.0
TRBV7-2;TRBJ2-6_CASSLEWGLQLGANVLTF,0.0
TRBV7-2;TRBJ2-6_CASSLSSGSSGANVLTF,0.0
TRBV7-2;TRBJ2-7_CASSFDSPYEQYF,0.0
TRBV7-2;TRBJ2-7_CASSFTSGNEQYF,0.0
TRBV7-2;TRBJ2-7_CASSHNHRAGEQYF,0.0
TRBV7-2;TRBJ2-7_CASSLAGGPYYEQYF,0.0
TRBV7-2;TRBJ2-7_CASSLAGQGVYEQYF,0.0
TRBV7-2;TRBJ2-7_CASSLGTTTYEQYF,0.0
TRBV7-2;TRBJ2-7_CASSLIGLAGPYEQYF,0.0
TRBV7-2;TRBJ2-7_CASSLSRSYEQYF,0.0
TRBV7-2;TRBJ2-7_CASSLTGLSYEQYF,0.0
TRBV7-2;TRBJ2-7_CASSLVAEGPYEQYF,0.0
TRBV7-2;TRBJ2-7_CASSLVGLYEQYF,0.0
TRBV7-3;TRBJ1-1_CASSLEMNTEAFF,1.0
TRBV7-3;TRBJ1-1_CASSRTVNTEAFF,0.0
TRBV7-3;TRBJ1-2_CASSLLPGGLSTF,0.0
TRBV7-3;TRBJ1-2_CASSPGQGEGYTF,0.0
TRBV7-3;TRBJ1-2_CASSPTPGRNYGYTF,0.0
TRBV7-3;TRBJ1-3_CASSLDGNSGNTIYF,0.0
TRBV7-3;TRBJ1-6_CASSLNSQGSSPLHF,0.0
TRBV7-3;TRBJ1-6_CASTRLE,0.0
TRBV7-3;TRBJ2-1_CASRPDGGSYNEQFF,0.0
TRBV7-3;TRBJ2-1_CASSARQGREGNEQFF,1.0
TRBV7-3;TRBJ2-1_CASSLDGGAEQFF,0.0
TRBV7-3;TRBJ2-1_CASSLEGTGEQFF,0.0
TRBV7-3;TRBJ2-1_CASSLIAGPYNEQFF,0.0
TRBV7-3;TRBJ2-1_CASSLRGAGYNEQFF,0.0
TRBV7-3;TRBJ2-1_CASSPGTVYNEQFF,0.0
TRBV7-3;TRBJ2-1_CASSPIAGPYNEQFF,1.0
TRBV7-3;TRBJ2-1_CASSPSGTSGVEQFF,1.0
TRBV7-3;TRBJ2-1_CASSSIAGPYNEQFF,1.0
TRBV7-3;TRBJ2-1_CASSSLRGGEQFF,1.0
TRBV7-3;TRBJ2-1_CASSTIAGSYNEQFF,1.0
TRBV7-3;TRBJ2-1_CASSYIAGPYNEQFF,1.0
TRBV7-3;TRBJ2-2_CASSIGGTNTGELFF,0.0
TRBV7-3;TRBJ2-2_CASSLEVGGELFF,0.0
TRBV7-3;TRBJ2-2_CASSLYTGELFF,0.0
TRBV7-3;TRBJ2-2_CASSPNPSGNTGELFF,0.0
TRBV7-3;TRBJ2-2_CASSSQAFTNTGELFF,0.0
TRBV7-3;TRBJ2-2_CASSSQPSTTGELFF,1.0
TRBV7-3;TRBJ2-2_CASSSREGELFF,0.0
TRBV7-3;TRBJ2-2_CASSYTGTANTGELFF,0.0
TRBV7-3;TRBJ2-3_CASSGSPDTQYF,0.0
TRBV7-3;TRBJ2-3_CASSLAVRGIDTQYF,0.0
TRBV7-3;TRBJ2-3_CASSLDPGSRTQYF,0.0
TRBV7-3;TRBJ2-3_CASSLEGSITDTQYF,0.0
TRBV7-3;TRBJ2-3_CASSLSRDRGDTQYF,0.0
TRBV7-3;TRBJ2-3_CASSLTGMGRGSTDTQYF,0.0
TRBV7-3;TRBJ2-3_CASSLYTSGSDTQYF,0.0
TRBV7-3;TRBJ2-3_CASSPGLSGDTQYF,0.0
TRBV7-3;TRBJ2-3_CASSRDLGGTQYF,0.0
TRBV7-3;TRBJ2-3_CASSRTGGGRAKGDTQYF,0.0
TRBV7-3;TRBJ2-3_CASSSGQGASDTQYF,0.0
TRBV7-3;TRBJ2-3_CASSSKGQAATDTQYF,0.0
TRBV7-3;TRBJ2-5_CASSAQGGAETQYF,0.0
TRBV7-3;TRBJ2-5_CASSLIVGSGETQYF,0.0
TRBV7-3;TRBJ2-5_CASSLKPRQTQYF,0.0
TRBV7-3;TRBJ2-5_CASSLNGGSETQYF,0.0
TRBV7-3;TRBJ2-5_CASSLNREETQYF,0.0
TRBV7-3;TRBJ2-5_CASSLSGQVGETQYF,0.0
TRBV7-3;TRBJ2-5_CASSLSRESETQYF,0.0
TRBV7-3;TRBJ2-5_CASSQRVQETQYF,0.0
TRBV7-3;TRBJ2-7_CASSFDGSSYEQYF,0.0
TRBV7-3;TRBJ2-7_CASSLGPAYEQYF,0.0
TRBV7-3;TRBJ2-7_CASSLQRESEQYF,0.0
TRBV7-3;TRBJ2-7_CASSPGLSGIREQYF,0.0
TRBV7-3;TRBJ2-7_CASSTSGTGAYEQYF,0.0
TRBV7-6;TRBJ1-1_CASSLTTGFTEAFF,0.0
TRBV7-6;TRBJ1-2_CANTHLREPIYGYTF,0.0
TRBV7-6;TRBJ1-3_CASSLGTDPRNTIYF,1.0
TRBV7-6;TRBJ2-1_CASSEGHEQFF,0.0
TRBV7-6;TRBJ2-1_CASSLERVSSYNEQFF,0.0
TRBV7-6;TRBJ2-1_CASSQMQGGGSNEQFF,0.0
TRBV7-6;TRBJ2-1_CASSSGRVQFF,1.0
TRBV7-6;TRBJ2-1_CASSVSGTGNEQFF,1.0
TRBV7-6;TRBJ2-1_CASSYTQGADEQFF,0.0
TRBV7-6;TRBJ2-2_CASSFGGLAGTGELFF,0.0
TRBV7-6;TRBJ2-2_CASSLELAGGTGELFF,0.0
TRBV7-6;TRBJ2-2_CASSLVEIGTNTGELFF,1.0
TRBV7-6;TRBJ2-2_CASSPGTGAAGELFF,0.0
TRBV7-6;TRBJ2-3_CASSIRGQGLAGGGTDTQYF,0.0
TRBV7-6;TRBJ2-3_CASSLGTGTDTQYF,0.0
TRBV7-6;TRBJ2-3_CASSLTGGRTDTQYF,0.0
TRBV7-6;TRBJ2-5_CASLGVGEETQYF,0.0
TRBV7-6;TRBJ2-5_CASSLMAAQETQYF,0.0
TRBV7-6;TRBJ2-5_CASSLQREDAAQYF,0.0
TRBV7-6;TRBJ2-5_CASSLVLGFQETQYF,0.0
TRBV7-6;TRBJ2-7_CASSLEDRDGYEQYF,0.0
TRBV7-6;TRBJ2-7_CASSLGGTFGAYEQYF,0.0
TRBV7-6;TRBJ2-7_CASSLGRESYEQYF,0.0
TRBV7-6;TRBJ2-7_CASSYLPGEGYEQYF,0.0
TRBV7-7;TRBJ2-5_CASSFGAGGGETQYF,1.0
TRBV7-7;TRBJ2-5_CASSLGAQRGGTQYF,0.0
TRBV7-7;TRBJ2-5_CASSLVFGSQETQYF,0.0
TRBV7-7;TRBJ2-6_CASSLGSSSGANVLTF,0.0
TRBV7-8;TRBJ1-1_CASSAQGASGPLTNTEAFF,0.0
TRBV7-8;TRBJ1-1_CASSLDRQATGTEAFF,1.0
TRBV7-8;TRBJ1-1_CASSLGSRQPNTEAFF,0.0
TRBV7-8;TRBJ1-2_CASSHGPPGGYTF,0.0
TRBV7-8;TRBJ1-4_CASGMAGAREKLFF,0.0
TRBV7-8;TRBJ1-4_CASSLGEKLFF,1.0
TRBV7-8;TRBJ1-5_CASSLVSPLRQGYQPQHF,0.0
TRBV7-8;TRBJ1-6_CASSLAINSPLHF,0.0
TRBV7-8;TRBJ2-2_CASSDPQGAATGELFF,0.0
TRBV7-8;TRBJ2-2_CASSPRVTGELFF,0.0
TRBV7-8;TRBJ2-3_CASSLGGTSGPSPDTQYF,0.0
TRBV7-8;TRBJ2-3_CASSLTSGDTQYF,0.0
TRBV7-8;TRBJ2-5_CASSKGTGPQETQYF,0.0
TRBV7-8;TRBJ2-5_CASSLPLETQYF,0.0
TRBV7-8;TRBJ2-5_CASSLVVAGQETQYF,0.0
TRBV7-8;TRBJ2-6_CASSLEARVDGANVLTF,0.0
TRBV7-8;TRBJ2-6_CASSRTGWGSGANVLTF,0.0
TRBV7-8;TRBJ2-6_CASSVRDRGRLAGANVLTF,1.0
TRBV7-8;TRBJ2-7_CASSFGTSVYEQYF,0.0
TRBV7-8;TRBJ2-7_CASSLSPGSYEQYF,0.0
TRBV7-8;TRBJ2-7_CASSLYLQGVYEQYF,0.0
TRBV7-8;TRBJ2-7_CASTPGIRGQSYEQYF,0.0
TRBV7-9;TRBJ1-1_CAGGVEANTEAFF,0.0
TRBV7-9;TRBJ1-1_CASAGGTEAFF,0.0
TRBV7-9;TRBJ1-1_CASRTKDRLNTEAFF,0.0
TRBV7-9;TRBJ1-1_CASSFASGQGGTEAFF,0.0
TRBV7-9;TRBJ1-1_CASSHYPSLRGGKINTEAFF,0.0
TRBV7-9;TRBJ1-1_CASSLALGDTEAFF,0.0
TRBV7-9;TRBJ1-1_CASSLDYRAEAFF,0.0
TRBV7-9;TRBJ1-1_CASSLEGINTEAFF,0.0
TRBV7-9;TRBJ1-1_CASSLEVNTEAFF,0.0
TRBV7-9;TRBJ1-1_CASSPPIQGAKNTEAFF,0.0
TRBV7-9;TRBJ1-1_CASSPSGRGTEAFF,0.0
TRBV7-9;TRBJ1-1_CASSPVGGREDTEAFF,0.0
TRBV7-9;TRBJ1-2_CASSLDHRGYTF,0.0
TRBV7-9;TRBJ1-2_CASSLGGTGEGYTF,0.0
TRBV7-9;TRBJ1-2_CASSLQGGYGYTF,0.0
TRBV7-9;TRBJ1-2_CASSLVGLSDGYTF,0.0
TRBV7-9;TRBJ1-2_CASSPGTGWNYGYTF,0.0
TRBV7-9;TRBJ1-2_CASSQTGGDGYTF,0.0
TRBV7-9;TRBJ1-2_CASSSDRGRFIF,0.0
TRBV7-9;TRBJ1-2_CASSSGQYYGYTF,1.0
TRBV7-9;TRBJ1-2_CASSSITAAHGYTF,1.0
TRBV7-9;TRBJ1-3_CASSHGGRLGFLRGNTIYF,1.0
TRBV7-9;TRBJ1-3_CASSSTGGSGNTIYF,0.0
TRBV7-9;TRBJ1-4_CALGAEKLFF,0.0
TRBV7-9;TRBJ1-4_CAQGSGNEKLFF,0.0
TRBV7-9;TRBJ1-4_CASRGSGGEKLFF,0.0
TRBV7-9;TRBJ1-4_CASSHGQTREKLFF,0.0
TRBV7-9;TRBJ1-4_CASSLGDVSGLFF,0.0
TRBV7-9;TRBJ1-4_CASSLLYGNEKLFF,0.0
TRBV7-9;TRBJ1-4_CASSLTGNDEKLFF,0.0
TRBV7-9;TRBJ1-5_CASSLARGRDHSNQPQHF,0.0
TRBV7-9;TRBJ1-5_CASSLEMDQPQHF,0.0
TRBV7-9;TRBJ1-5_CASSLGTARNQPQHF,0.0
TRBV7-9;TRBJ1-6_CASSLARDTNLNSPLHF,0.0
TRBV7-9;TRBJ1-6_CASSLVSSSPLHF,0.0
TRBV7-9;TRBJ2-1_CASSFGHGREFF,0.0
TRBV7-9;TRBJ2-1_CASSFTGTGYNEQFF,1.0
TRBV7-9;TRBJ2-1_CASSGLAPNNEQFF,0.0
TRBV7-9;TRBJ2-1_CASSGRTGFGDNEQFF,0.0
TRBV7-9;TRBJ2-1_CASSLEAGRNEQFF,0.0
TRBV7-9;TRBJ2-1_CASSLGSWRERSYNEQFF,0.0
TRBV7-9;TRBJ2-1_CASSLSGTYNEQFF,0.0
TRBV7-9;TRBJ2-1_CASSLTSGSDSEQFF,0.0
TRBV7-9;TRBJ2-1_CASSLVASLNEQFF,0.0
TRBV7-9;TRBJ2-1_CASSLVEGGHNEQFF,0.0
TRBV7-9;TRBJ2-1_CASSLWTGQGSNEQFF,0.0
TRBV7-9;TRBJ2-1_CASSNRDPTKNEQFF,0.0
TRBV7-9;TRBJ2-1_CASSPGEGYNEQFF,0.0
TRBV7-9;TRBJ2-1_CASSPSGGGSYNEQFF,0.0
TRBV7-9;TRBJ2-1_CASSSFLIEQFF,0.0
TRBV7-9;TRBJ2-1_CASSSGQGPTDNEQFF,0.0
TRBV7-9;TRBJ2-1_CASSSHNEQFF,0.0
TRBV7-9;TRBJ2-1_CASSTLAAQNNEQFF,0.0
TRBV7-9;TRBJ2-1_CASTLRTTYNEQFF,0.0
TRBV7-9;TRBJ2-1_CQQLSGGEGEQFF,0.0
TRBV7-9;TRBJ2-2_CASSLADRNGELFF,0.0
TRBV7-9;TRBJ2-2_CASSLASLALYTGELFF,0.0
TRBV7-9;TRBJ2-2_CASSLMQGGTGELFF,0.0
TRBV7-9;TRBJ2-2_CASSLQQGFRTTGELFF,1.0
TRBV7-9;TRBJ2-2_CASSLYTGTGARRGGELFF,0.0
TRBV7-9;TRBJ2-2_CASSQPGVGTTGELFF,0.0
TRBV7-9;TRBJ2-2_CASSSGAWRTGELFF,1.0
TRBV7-9;TRBJ2-2_CASSWTGELFF,0.0
TRBV7-9;TRBJ2-3_CASGRLAGGLSDTQYF,0.0
TRBV7-9;TRBJ2-3_CASNVPGGRDTQYF,1.0
TRBV7-9;TRBJ2-3_CASRSNEILAGGSDTQYF,0.0
TRBV7-9;TRBJ2-3_CASSFFSGGLGLDTQYF,0.0
TRBV7-9;TRBJ2-3_CASSFFSQGSDTQYF,0.0
TRBV7-9;TRBJ2-3_CASSFTTATDTQYF,1.0
TRBV7-9;TRBJ2-3_CASSGTTDTQYF,0.0
TRBV7-9;TRBJ2-3_CASSLASSTDTQYF,0.0
TRBV7-9;TRBJ2-3_CASSLMTSGSETDTQYF,0.0
TRBV7-9;TRBJ2-3_CASSLVGLAGGLTDTQYF,1.0
TRBV7-9;TRBJ2-3_CASSPPRGRTDTQYF,0.0
TRBV7-9;TRBJ2-3_CASSPTVSTDTQYF,0.0
TRBV7-9;TRBJ2-3_CASSSLAASTDTQYF,0.0
TRBV7-9;TRBJ2-4_CASSFGAGIAKNIQYF,0.0
TRBV7-9;TRBJ2-4_CASSLGAGTSKNIQYF,1.0
TRBV7-9;TRBJ2-4_CASSPRKSMGNIQYF,0.0
TRBV7-9;TRBJ2-5_CASGGTAQETQYF,0.0
TRBV7-9;TRBJ2-5_CASRKGGGGETQYF,1.0
TRBV7-9;TRBJ2-5_CASSLATAQETQYF,0.0
TRBV7-9;TRBJ2-5_CASSLGTVQETQYF,0.0
TRBV7-9;TRBJ2-5_CASSLGVAGVVEETQYF,0.0
TRBV7-9;TRBJ2-5_CASSLNSVAETQYF,0.0
TRBV7-9;TRBJ2-5_CASSLRAGAQETQYF,0.0
TRBV7-9;TRBJ2-5_CASSLTGGIQETQYF,0.0
TRBV7-9;TRBJ2-5_CASSRGAGGETQYF,0.0
TRBV7-9;TRBJ2-5_CASSRGDFQETQYF,0.0
TRBV7-9;TRBJ2-5_CASSSADRETQYF,0.0
TRBV7-9;TRBJ2-5_CASSSNRGGQETQYF,1.0
TRBV7-9;TRBJ2-5_CASSTHPIGLAEETQYF,0.0
TRBV7-9;TRBJ2-5_CASSWNAAPTQYF,0.0
TRBV7-9;TRBJ2-5_CASTMGLQETQYF,1.0
TRBV7-9;TRBJ2-5_CASTPRGPQETQYF,0.0
TRBV7-9;TRBJ2-6_CASSFRGGGANVLTF,0.0
TRBV7-9;TRBJ2-6_CASSLAGAGANVLTF,0.0
TRBV7-9;TRBJ2-6_CASSLDLSGANVLTF,0.0
TRBV7-9;TRBJ2-6_CASSSPDGIISGANVLTF,1.0
TRBV7-9;TRBJ2-6_CASSSVPSGANVLTF,0.0
TRBV7-9;TRBJ2-7_CASSFAGISSYEQYF,0.0
TRBV7-9;TRBJ2-7_CASSLEGGEQYF,0.0
TRBV7-9;TRBJ2-7_CASSLEGSYEQYF,0.0
TRBV7-9;TRBJ2-7_CASSLGDGTSYEQYF,0.0
TRBV7-9;TRBJ2-7_CASSLGHLAGRAYEQYF,0.0
TRBV7-9;TRBJ2-7_CASSLVADEQYF,0.0
TRBV7-9;TRBJ2-7_CASSPWGAGNYEQYF,0.0
TRBV7-9;TRBJ2-7_CASSQGVSSGDEQYF,0.0
TRBV7-9;TRBJ2-7_CASSSTGGSEQYF,0.0
TRBV7-9;TRBJ2-7_CASSSTSGGVPGEQYF,0.0
TRBV7-9;TRBJ2-7_CASSTRGDGPEEQYF,0.0
TRBV7-9;TRBJ2-7_CASSYSGGPEPEQYF,0.0
TRBV7-9;TRBJ2-7_CASTKGDFGAYEQYF,0.0
TRBV7-9;TRBJ2-7_CATLSPGQGGREQYF,1.0
TRBV9;TRBJ1-1_CASSPGVQNTEAFF,0.0
TRBV9;TRBJ1-1_CASSVAEATEAFF,0.0
TRBV9;TRBJ1-1_CASSVDGGLGTEAFF,0.0
TRBV9;TRBJ1-2_CASSGSSRVFHGYTF,0.0
TRBV9;TRBJ1-2_CASTSEKGWVDGYTF,1.0
TRBV9;TRBJ1-3_CASSVATGSGNTIYF,0.0
TRBV9;TRBJ1-3_CASSVRGTSGNTIYF,0.0
TRBV9;TRBJ1-4_CASSVSGAPAEKLFF,0.0
TRBV9;TRBJ1-5_CASSAGTADNQPQHF,0.0
TRBV9;TRBJ1-5_CASSAQGDQPQHF,0.0
TRBV9;TRBJ1-5_CASSVDGGRNQPQHF,0.0
TRBV9;TRBJ1-6_CASSGPYSNSPLHF,1.0
TRBV9;TRBJ1-6_CASSVEGAPLHF,0.0
TRBV9;TRBJ1-6_CASSVELNSPLHF,0.0
TRBV9;TRBJ1-6_CASSVGGVGSPLHF,0.0
TRBV9;TRBJ1-6_CASSVGPSSYNSPLHF,0.0
TRBV9;TRBJ1-6_CASSVGQGYNSPLHF,0.0
TRBV9;TRBJ2-1_CASSHTGSYNEQFF,0.0
TRBV9;TRBJ2-1_CASSPGTGWVNEQFF,0.0
TRBV9;TRBJ2-1_CASSPNSGSYNEQFF,0.0
TRBV9;TRBJ2-1_CASSPRGTGDEQFF,1.0
TRBV9;TRBJ2-1_CASSPRLADYNEQFF,1.0
TRBV9;TRBJ2-1_CASSRYREGQPYNEQFF,0.0
TRBV9;TRBJ2-1_CASSVDGAQTYNEQFF,1.0
TRBV9;TRBJ2-1_CASSVGGTSEYNEQFF,0.0
TRBV9;TRBJ2-1_CASSVGLRGPFNEQFF,0.0
TRBV9;TRBJ2-1_CASSVSGGRGNEQFF,0.0
TRBV9;TRBJ2-1_CASSVVGQEYNEQFF,0.0
TRBV9;TRBJ2-1_CASSVVQEIIDEGFF,0.0
TRBV9;TRBJ2-1_CASSVVWGEQFF,0.0
TRBV9;TRBJ2-1_CATSRGPSYNEQFF,0.0
TRBV9;TRBJ2-2_CASKSGTSSTGELFF,0.0
TRBV9;TRBJ2-2_CASRPSQDRGTGELFF,0.0
TRBV9;TRBJ2-2_CASSPGGGQATGELFF,0.0
TRBV9;TRBJ2-2_CASSPSGDSSTGELFF,0.25
TRBV9;TRBJ2-2_CASSPVDSNTGELFF,1.0
TRBV9;TRBJ2-2_CASSTRLVGAGELFF,1.0
TRBV9;TRBJ2-2_CASSVARRGQGKTGELFF,1.0
TRBV9;TRBJ2-2_CASSVATGADTGELFF,0.0
TRBV9;TRBJ2-2_CASSVENTGELFF,0.0
TRBV9;TRBJ2-2_CASSVEVRQNTGELFF,0.0
TRBV9;TRBJ2-2_CASSVGANTGELFF,0.0
TRBV9;TRBJ2-2_CASSVGASRDTGELFF,1.0
TRBV9;TRBJ2-2_CASSVVGQGWTGELFF,0.0
TRBV9;TRBJ2-3_CASERGGAGDTQYF,0.0
TRBV9;TRBJ2-3_CASSPRLAGIDTQYF,0.0
TRBV9;TRBJ2-3_CASSRGSDTQYF,0.0
TRBV9;TRBJ2-3_CASSSNSGAGTDTQYF,1.0
TRBV9;TRBJ2-3_CASSVDETSGGPLF,0.0
TRBV9;TRBJ2-3_CASSVDPAPPHFTQYF,0.0
TRBV9;TRBJ2-3_CASSVGAGGIDTQYF,0.0
TRBV9;TRBJ2-3_CASSVGAGGLDTQYF,0.0
TRBV9;TRBJ2-3_CASSVKPTSDGTQYF,0.0
TRBV9;TRBJ2-5_CASSAPGGQGETQYF,0.0
TRBV9;TRBJ2-5_CASSGLVQETQYF,1.0
TRBV9;TRBJ2-5_CASSVELGMETQYF,0.0
TRBV9;TRBJ2-5_CASSVSGETQYF,1.0
TRBV9;TRBJ2-5_CASSVSTTGRGQETQYF,0.0
TRBV9;TRBJ2-5_CASSVTGTSGSETQYF,0.0
TRBV9;TRBJ2-6_CASSAGWGDWSSGANVLTF,0.0
TRBV9;TRBJ2-6_CASSPQVGQGPLQGANVLTF,0.0
TRBV9;TRBJ2-6_CASTDMNMANVLTF,0.0
TRBV9;TRBJ2-7_CASSAGGSGLYEQYF,0.0
TRBV9;TRBJ2-7_CASSLSQVSYEQYF,1.0
TRBV9;TRBJ2-7_CASSPRTSGASNEQYF,0.0
TRBV9;TRBJ2-7_CASSSRPSGKAYEQYF,0.0
TRBV9;TRBJ2-7_CASSVDIITGEQYF,1.0
TRBV9;TRBJ2-7_CASSVGQNSYEQYF,0.0
TRBV9;TRBJ2-7_CASSVGTGVYEQYF,0.0
