barcode-sample	PTS	celltype
AAAGTAGGTCACACGC-1-Noninfected_741	-0.10908056278618017	B Memory
AACTCCCGTTCCCGAG-1-Noninfected_741	0.8969341711122163	B Memory
AAGTCTGAGGCCCTCA-1-Noninfected_741	2.0408749969638125	B Memory
AAGTCTGTCCCTCTTT-1-Noninfected_741	-0.15662001347055243	B Memory
AATCCAGCAGGATCGA-1-Noninfected_741	1.2660852451713718	B Memory
AATCCAGGTACCGCTG-1-Noninfected_741	-0.40980613474943195	B Memory
ACACTGATCCAAATGC-1-Noninfected_741	1.2133284977504184	B Memory
ACAGCTAAGGAGCGTT-1-Noninfected_741	1.859891229746293	B Memory
ACAGCTATCTTATCTG-1-Noninfected_741	2.2912783233486875	B Memory
ACATACGAGTCTCAAC-1-Noninfected_741	0.2421925992381817	B Memory
ACATCAGCACAGGAGT-1-Noninfected_741	1.031379441825711	B Memory
ACATGGTAGCTAGCCC-1-Noninfected_741	1.9896399828852438	B Memory
ACCAGTAAGAGTGACC-1-Noninfected_741	1.718597246676075	B Memory
ACGATACTCGTCTGCT-1-Noninfected_741	1.2345804681583328	B Memory
ACGCCAGGTTGACGTT-1-Noninfected_741	0.5718748764115937	B Memory
ACGGAGATCCTAGAAC-1-Noninfected_741	1.6773212393935846	B Memory
ACGGCCAAGCCCAATT-1-Noninfected_741	0.004616423529021585	B Memory
ACTGAGTAGTATCGAA-1-Noninfected_741	-0.4388224701492154	B Memory
ACTTACTCAAACGCGA-1-Noninfected_741	0.046956445489610976	B Memory
AGACGTTAGCTTATCG-1-Noninfected_741	0.10584094086471874	B Memory
AGACGTTGTTCAACCA-1-Noninfected_741	1.0115559806629104	B Memory
AGATCTGAGAATTCCC-1-Noninfected_741	1.3045872960771834	B Memory
AGATCTGTCCTAGTGA-1-Noninfected_741	0.5314415644626228	B Memory
AGCCTAAGTCCGAGTC-1-Noninfected_741	1.6294038733657525	B Memory
AGCCTAAGTCGCTTTC-1-Noninfected_741	0.10593362487092306	B Memory
AGCGTATAGCGTCAAG-1-Noninfected_741	0.723313071289841	B Memory
AGCTCTCTCCAGTATG-1-Noninfected_741	0.7675258359130548	B Memory
AGGCCACGTTATGTGC-1-Noninfected_741	0.3097400908567467	B Memory
AGGCCACTCTTCCTTC-1-Noninfected_741	1.235868517233401	B Memory
AGGTCATCAGGAACGT-1-Noninfected_741	0.547869468221859	B Memory
AGGTCATGTCCAGTTA-1-Noninfected_741	1.1434396286399997	B Memory
AGGTCATGTCTGCAAT-1-Noninfected_741	1.9088927288444675	B Memory
AGGTCCGTCCCTGACT-1-Noninfected_741	2.1513261843700797	B Memory
AGTAGTCAGCTAGCCC-1-Noninfected_741	1.896996142912884	B Memory
AGTAGTCGTGTGGCTC-1-Noninfected_741	1.7531575183479153	B Memory
AGTCTTTGTGAAATCA-1-Noninfected_741	1.1505664903290418	B Memory
AGTGGGACAGTTAACC-1-Noninfected_741	1.5902681934590244	B Memory
ATAACGCTCAACGAAA-1-Noninfected_741	1.6285464325729682	B Memory
ATCGAGTTCATGGTCA-1-Noninfected_741	0.5472011055265154	B Memory
ATCTACTAGAGGACGG-1-Noninfected_741	0.35549039500100277	B Memory
ATTGGTGGTGAGGGAG-1-Noninfected_741	1.6538965069517797	B Memory
ATTGGTGTCTGAGTGT-1-Noninfected_741	0.9171576572924245	B Memory
CAACCTCAGTGCAAGC-1-Noninfected_741	1.5008419338537722	B Memory
CAACTAGAGAAGGACA-1-Noninfected_741	1.61456704626278	B Memory
CACACTCTCCGTAGTA-1-Noninfected_741	1.0060882908957345	B Memory
CACATAGCAATGGTCT-1-Noninfected_741	0.9655789988381522	B Memory
CACATAGCAGTCAGCC-1-Noninfected_741	0.32119427651775134	B Memory
CACATTTCAGACAAGC-1-Noninfected_741	1.2294424504649881	B Memory
CACCAGGAGGCCGAAT-1-Noninfected_741	1.366990478671327	B Memory
CACCAGGGTTGTGGCC-1-Noninfected_741	1.1255995594725317	B Memory
CACCTTGCAAGGCTCC-1-Noninfected_741	0.5782004935400826	B Memory
CAGAATCAGATGTGTA-1-Noninfected_741	0.6520265973344141	B Memory
CAGAATCCAAGTCTGT-1-Noninfected_741	1.6194645239382375	B Memory
CAGAATCCACATTAGC-1-Noninfected_741	1.3735209484489597	B Memory
CAGAATCTCGCGATCG-1-Noninfected_741	1.2486301441581882	B Memory
CAGCGACAGGACTGGT-1-Noninfected_741	0.41600264821733746	B Memory
CAGCGACCACAAGCCC-1-Noninfected_741	1.3868257269567374	B Memory
CAGCTAAGTTCGTGAT-1-Noninfected_741	0.3591964682754205	B Memory
CAGTAACAGTGCGTGA-1-Noninfected_741	1.1979118561258122	B Memory
CATATGGCATCCGTGG-1-Noninfected_741	1.6773064477103097	B Memory
CATATTCCAATGAAAC-1-Noninfected_741	1.6687629368840433	B Memory
CATCAGAAGCCGCCTA-1-Noninfected_741	1.3149744685815306	B Memory
CATCGGGCACTGTTAG-1-Noninfected_741	1.0876314396760902	B Memory
CATGGCGAGAACTCGG-1-Noninfected_741	0.8485517453174203	B Memory
CCAATCCAGAAACCAT-1-Noninfected_741	0.5098399775368827	B Memory
CCACTACAGATGGCGT-1-Noninfected_741	0.7299169472285679	B Memory
CCCAGTTGTACAGACG-1-Noninfected_741	0.6666646928203349	B Memory
CCCATACCAGATGGGT-1-Noninfected_741	1.1675459000529074	B Memory
CCCTCCTGTGTGGCTC-1-Noninfected_741	0.7040717407148711	B Memory
CCGGGATAGAGGTAGA-1-Noninfected_741	0.8349510333975967	B Memory
CCGGGATGTGGTCCGT-1-Noninfected_741	0.21611622401646202	B Memory
CCGTGGAGTCGCTTCT-1-Noninfected_741	1.10298068182809	B Memory
CCGTGGATCACGCGGT-1-Noninfected_741	1.2899488332320233	B Memory
CCTACACGTTCGCTAA-1-Noninfected_741	1.33576707450711	B Memory
CCTATTACAGATGGCA-1-Noninfected_741	1.3947568377669977	B Memory
CCTTCCCCAAGTCATC-1-Noninfected_741	1.1095179149082728	B Memory
CCTTCCCTCTTGACGA-1-Noninfected_741	1.190854023913948	B Memory
CGAGAAGAGTGGTAAT-1-Noninfected_741	1.8948379098152628	B Memory
CGAGCACGTCAACTGT-1-Noninfected_741	0.22045977748170187	B Memory
CGATGGCTCACAGTAC-1-Noninfected_741	0.8967462680777725	B Memory
CGATGTAAGTAGGCCA-1-Noninfected_741	0.5922771059736913	B Memory
CGATGTACACAACGCC-1-Noninfected_741	0.35488011642378203	B Memory
CGCCAAGCAGCGTCCA-1-Noninfected_741	1.313447417045126	B Memory
CGCGGTAGTTTACTCT-1-Noninfected_741	1.7151271761680136	B Memory
CGCTTCAGTAGCTCCG-1-Noninfected_741	0.10490853932439059	B Memory
CGGAGTCCAAGTAGTA-1-Noninfected_741	1.964915504260939	B Memory
CGGCTAGCAACACGCC-1-Noninfected_741	-0.2759375633025656	B Memory
CGGCTAGTCCAGATCA-1-Noninfected_741	1.509026371702856	B Memory
CGGCTAGTCTTGTACT-1-Noninfected_741	0.98129838826705	B Memory
CGGGTCAAGGTGCACA-1-Noninfected_741	0.9330101499752121	B Memory
CGGTTAACATCCCACT-1-Noninfected_741	1.6361296809449488	B Memory
CGGTTAACATTATCTC-1-Noninfected_741	0.9135817143381858	B Memory
CGTAGGCCAGATCCAT-1-Noninfected_741	1.2363844501728913	B Memory
CGTCACTCAGACACTT-1-Noninfected_741	1.462694382180973	B Memory
CGTCCATCAGGCTCAC-1-Noninfected_741	1.29571533203125	B Memory
CGTCCATTCCGTTGTC-1-Noninfected_741	-0.4040576012767092	B Memory
CGTGAGCCACGACTCG-1-Noninfected_741	0.974580784233249	B Memory
CGTGTAATCCTGCCAT-1-Noninfected_741	0.4274187331296959	B Memory
CGTTCTGGTGGTTTCA-1-Noninfected_741	1.5854187060375602	B Memory
CGTTGGGCATATGCTG-1-Noninfected_741	-0.16720983325218675	B Memory
CGTTGGGGTTGTACAC-1-Noninfected_741	1.0049790800834189	B Memory
CTAAGACGTCTAGTGT-1-Noninfected_741	1.09788500532812	B Memory
CTAGAGTAGCCACCTG-1-Noninfected_741	1.067164338364893	B Memory
CTAGAGTTCACTCCTG-1-Noninfected_741	1.2163363524845667	B Memory
CTCCTAGCAGTGACAG-1-Noninfected_741	0.215560185665987	B Memory
CTCGAAACATAACCTG-1-Noninfected_741	1.391367192171058	B Memory
CTCGAAATCTTTACAC-1-Noninfected_741	1.036335059574672	B Memory
CTCGAGGAGATGCCTT-1-Noninfected_741	-0.9482277072205836	B Memory
CTCTGGTTCCAGGGCT-1-Noninfected_741	0.33273014730336714	B Memory
CTGAAACTCAGCACAT-1-Noninfected_741	0.8048207589558193	B Memory
CTGTGCTCAGCCTTTC-1-Noninfected_741	1.089302160301987	B Memory
CTTAACTGTTAAGAAC-1-Noninfected_741	1.3970840853087756	B Memory
GAAATGAGTCTCCACT-1-Noninfected_741	1.2498413008086535	B Memory
GAACCTAAGCTCCTTC-1-Noninfected_741	2.090016462364975	B Memory
GAACGGAAGGAATCGC-1-Noninfected_741	0.6313115236710529	B Memory
GAAGCAGTCAGTCAGT-1-Noninfected_741	2.0386655963197047	B Memory
GAATAAGAGTCTCCTC-1-Noninfected_741	-0.2876450881666067	B Memory
GACCAATGTCGAACAG-1-Noninfected_741	0.6481990473611015	B Memory
GACGTTATCCAGTAGT-1-Noninfected_741	1.4894294933396943	B Memory
GACTGCGAGCTAAACA-1-Noninfected_741	0.039537428593149015	B Memory
GACTGCGAGGGAAACA-1-Noninfected_741	1.5472885443239797	B Memory
GATCGTAAGTATCGAA-1-Noninfected_741	0.9870961296315096	B Memory
GATCGTAAGTCAAGGC-1-Noninfected_741	1.5800991155663315	B Memory
GATTCAGGTTGCGTTA-1-Noninfected_741	0.8650649007485838	B Memory
GCACATAGTCAACATC-1-Noninfected_741	0.536391545315178	B Memory
GCACTCTCACGTAAGG-1-Noninfected_741	1.0993802790739098	B Memory
GCAGCCAAGTCGATAA-1-Noninfected_741	0.49686848630710523	B Memory
GCAGCCATCTGCCAGG-1-Noninfected_741	0.8031948099330979	B Memory
GCAGTTATCCTCAACC-1-Noninfected_741	0.415421232885244	B Memory
GCATGCGAGAAACCAT-1-Noninfected_741	0.5801938480260421	B Memory
GCATGTAGTGATGATA-1-Noninfected_741	1.1733762390759526	B Memory
GCCTCTATCAACGAAA-1-Noninfected_741	-0.11129940772543145	B Memory
GCGACCACAGTGGAGT-1-Noninfected_741	1.2220271485192435	B Memory
GCGCAACTCAGGCGAA-1-Noninfected_741	0.8671971559524536	B Memory
GCGCCAACACTTAAGC-1-Noninfected_741	1.215114622699971	B Memory
GCTCTGTGTCGCATAT-1-Noninfected_741	1.2761570677465324	B Memory
GCTGCAGCATGTCGAT-1-Noninfected_741	0.4965567978060975	B Memory
GCTGCAGGTTCGTGAT-1-Noninfected_741	1.1867171890881596	B Memory
GCTGCGACATTCGACA-1-Noninfected_741	1.8792806158260422	B Memory
GCTGCGAGTCCGAAGA-1-Noninfected_741	1.352312370222442	B Memory
GCTGCTTTCACCAGGC-1-Noninfected_741	1.0941236457046197	B Memory
GCTGGGTAGATACACA-1-Noninfected_741	1.475912210892658	B Memory
GGAATAATCGAATCCA-1-Noninfected_741	0.8780170508793422	B Memory
GGAATAATCTGGCGAC-1-Noninfected_741	1.2318702619902941	B Memory
GGACAAGCAGGACCCT-1-Noninfected_741	0.456103118098512	B Memory
GGACGTCAGACGCACA-1-Noninfected_741	1.1246881047073676	B Memory
GGAGCAACATGCAACT-1-Noninfected_741	1.0609466080762902	B Memory
GGCGACTCAGGTCGTC-1-Noninfected_741	1.651477949959891	B Memory
GGCGTGTCAGTATCTG-1-Noninfected_741	1.7543353109943622	B Memory
GGGAATGCATGCCCGA-1-Noninfected_741	1.393858174888455	B Memory
GGGATGAAGACATAAC-1-Noninfected_741	0.5194655340545031	B Memory
GGGCACTGTTATCCGA-1-Noninfected_741	1.22761861158877	B Memory
GGGCACTTCGGAGCAA-1-Noninfected_741	1.1688684054783414	B Memory
GGGTTGCTCATTGCGA-1-Noninfected_741	-0.4494158297168964	B Memory
GTACGTAAGGCTACGA-1-Noninfected_741	0.9660672071028729	B Memory
GTACTTTGTCTGGTCG-1-Noninfected_741	0.9920619361254633	B Memory
GTAGGCCGTTCACGGC-1-Noninfected_741	1.5254062049242916	B Memory
GTCACAACATCGATGT-1-Noninfected_741	1.1728805619843152	B Memory
GTCATTTGTGGGTCAA-1-Noninfected_741	0.732764973932383	B Memory
GTGAAGGCAAGCGATG-1-Noninfected_741	0.9555689315406644	B Memory
GTGTGCGCAGTGAGTG-1-Noninfected_741	1.8047390762640505	B Memory
GTTCTCGGTTCCAACA-1-Noninfected_741	1.2755262511117118	B Memory
GTTTCTACACACATGT-1-Noninfected_741	0.9929161801630136	B Memory
GTTTCTACATCCGCGA-1-Noninfected_741	0.38065042544384387	B Memory
GTTTCTAGTATAGGGC-1-Noninfected_741	0.7093783203436403	B Memory
GTTTCTATCAGCTCGG-1-Noninfected_741	1.3292396993053204	B Memory
TACACGAGTTAGGGTG-1-Noninfected_741	0.7100307892779916	B Memory
TACAGTGAGGCGCTCT-1-Noninfected_741	0.16121963092258995	B Memory
TACCTTACACAAGTAA-1-Noninfected_741	2.009901290037194	B Memory
TACGGTAAGTCGTACT-1-Noninfected_741	1.2823095808223801	B Memory
TACTCATCACATTAGC-1-Noninfected_741	1.4013899005189234	B Memory
TACTTACAGTACGACG-1-Noninfected_741	1.3331089506343918	B Memory
TACTTGTGTCTAGTGT-1-Noninfected_741	0.5230220896857125	B Memory
TAGACCAGTTCGAATC-1-Noninfected_741	0.04827536368856622	B Memory
TAGACCATCAGTGCAT-1-Noninfected_741	0.8225303109811277	B Memory
TATCAGGCAGTAAGCG-1-Noninfected_741	1.1328641346522739	B Memory
TATTACCAGCATGGCA-1-Noninfected_741	0.16567158455751385	B Memory
TATTACCTCTCTTATG-1-Noninfected_741	0.812974146434239	B Memory
TCAGATGTCATCGGAT-1-Noninfected_741	1.127824963355551	B Memory
TCAGGTACACACTGCG-1-Noninfected_741	-0.15209463542821466	B Memory
TCATTACCAGACAAAT-1-Noninfected_741	-0.5922079670185946	B Memory
TCGAGGCGTGTTGAGG-1-Noninfected_741	1.6495178475671886	B Memory
TCGGTAAAGTCCATAC-1-Noninfected_741	1.1905462693194955	B Memory
TCTCATATCCACTCCA-1-Noninfected_741	0.8848356738382457	B Memory
TCTCTAAAGACCTTTG-1-Noninfected_741	2.1280192112436103	B Memory
TCTTCGGGTAGGAGTC-1-Noninfected_741	0.2667214456869631	B Memory
TGACAACCATATACGC-1-Noninfected_741	2.4196967592044754	B Memory
TGACAACTCAAGCCTA-1-Noninfected_741	0.398247555810578	B Memory
TGAGAGGTCGGTGTTA-1-Noninfected_741	2.023081789211351	B Memory
TGCCAAAGTTCGTCTC-1-Noninfected_741	1.7558420045035226	B Memory
TGCCCATTCACCGGGT-1-Noninfected_741	0.6550011586169808	B Memory
TGCGTGGCACTACAGT-1-Noninfected_741	1.296646633926703	B Memory
TGGACGCTCACGCATA-1-Noninfected_741	1.1327534500433474	B Memory
TGGCCAGCACCTGGTG-1-Noninfected_741	1.3404963113823716	B Memory
TGGCTGGTCCGAGCCA-1-Noninfected_741	1.3309363297053747	B Memory
TTCTCAATCCATGAAC-1-Noninfected_741	1.2143563105135549	B Memory
TTCTCAATCCTACAGA-1-Noninfected_741	0.21258267577813594	B Memory
TTCTTAGCACGAAATA-1-Noninfected_741	1.879450798034668	B Memory
TTGACTTAGGTGATTA-1-Noninfected_741	-0.20742347897315505	B Memory
TTTGCGCTCAGGTAAA-1-Noninfected_741	0.5421371849215761	B Memory
TTTGGTTCAGTATCTG-1-Noninfected_741	1.414500397078845	B Memory
TTTGTCAAGGATGGAA-1-Noninfected_741	1.5668503264991605	B Memory
AAACCTGAGTGAAGTT-1-Noninfected_741	-0.3830417251586914	CD8+ T Effector/Memory
AAAGATGGTACACCGC-1-Noninfected_741	-0.4419830703735352	CD8+ T Effector/Memory
AAAGATGGTCTCTCGT-1-Noninfected_741	0.4784077707926432	CD8+ T Effector/Memory
AACCGCGAGAAACCTA-1-Noninfected_741	-0.532295150756836	CD8+ T Effector/Memory
AACGTTGGTTGTTTGG-1-Noninfected_741	-0.43553867340087893	CD8+ T Effector/Memory
AACTCCCAGGCCCGTT-1-Noninfected_741	-0.476161994934082	CD8+ T Effector/Memory
AAGCCGCGTCTTCTCG-1-Noninfected_741	-0.3914693450927734	CD8+ T Effector/Memory
AAGCCGCTCTCAAGTG-1-Noninfected_741	1.1867189534505207	CD8+ T Effector/Memory
AAGTCTGAGTACGCCC-1-Noninfected_741	0.05446271896362309	CD8+ T Effector/Memory
AAGTCTGGTAAGAGGA-1-Noninfected_741	0.10741743405659998	CD8+ T Effector/Memory
AATCCAGAGACTTTCG-1-Noninfected_741	0.5874991162618002	CD8+ T Effector/Memory
AATCCAGAGAGGTTGC-1-Noninfected_741	0.8309181435902913	CD8+ T Effector/Memory
AATCCAGCAAGCCATT-1-Noninfected_741	-0.4932444763183594	CD8+ T Effector/Memory
AATCGGTGTAAGTGGC-1-Noninfected_741	0.29762667973836265	CD8+ T Effector/Memory
ACACCGGGTCCTGCTT-1-Noninfected_741	-0.4500945281982422	CD8+ T Effector/Memory
ACAGCCGAGAGTGAGA-1-Noninfected_741	0.3935111904144287	CD8+ T Effector/Memory
ACAGCTACACCGGAAA-1-Noninfected_741	0.3899688561757406	CD8+ T Effector/Memory
ACAGCTAGTGAGCGAT-1-Noninfected_741	0.04990159511566161	CD8+ T Effector/Memory
ACATCAGCAGGACCCT-1-Noninfected_741	0.5243042341868083	CD8+ T Effector/Memory
ACATCAGGTAGCGATG-1-Noninfected_741	-0.4549556732177734	CD8+ T Effector/Memory
ACATCAGGTGTTGGGA-1-Noninfected_741	-0.4815504455566406	CD8+ T Effector/Memory
ACATGGTCAATGGAGC-1-Noninfected_741	-0.5946160507202148	CD8+ T Effector/Memory
ACCCACTCAGTATGCT-1-Noninfected_741	-0.029753972689310737	CD8+ T Effector/Memory
ACCTTTACAAGGTTTC-1-Noninfected_741	-0.43413204193115235	CD8+ T Effector/Memory
ACGAGCCAGTACGTTC-1-Noninfected_741	0.17233223597208658	CD8+ T Effector/Memory
ACGAGCCAGTCATCCA-1-Noninfected_741	0.9010064760843913	CD8+ T Effector/Memory
ACGATACTCTGCCAGG-1-Noninfected_741	1.5387862141927084	CD8+ T Effector/Memory
ACGCAGCCATGGTTGT-1-Noninfected_741	-0.5055073547363281	CD8+ T Effector/Memory
ACGCCAGCAGGTCGTC-1-Noninfected_741	-0.43979698181152344	CD8+ T Effector/Memory
ACGGAGAAGTCGTACT-1-Noninfected_741	-0.507300033569336	CD8+ T Effector/Memory
ACGGAGAGTCTACCTC-1-Noninfected_741	0.41763067881266275	CD8+ T Effector/Memory
ACGGCCACATTCTTAC-1-Noninfected_741	1.0154140853881837	CD8+ T Effector/Memory
ACGGCCAGTACCAGTT-1-Noninfected_741	0.3171285422643026	CD8+ T Effector/Memory
ACGGCCAGTGACAAAT-1-Noninfected_741	0.256104736328125	CD8+ T Effector/Memory
ACGGGCTGTTCACCTC-1-Noninfected_741	0.22874723752339687	CD8+ T Effector/Memory
ACGGGTCTCATTGCCC-1-Noninfected_741	0.22163767814636226	CD8+ T Effector/Memory
ACTGAACTCATATCGG-1-Noninfected_741	1.2839372253417969	CD8+ T Effector/Memory
ACTGAGTTCTCGATGA-1-Noninfected_741	0.7011867682139079	CD8+ T Effector/Memory
ACTGCTCAGCGTTCCG-1-Noninfected_741	0.6651765537261963	CD8+ T Effector/Memory
ACTTGTTTCTCTTGAT-1-Noninfected_741	-0.3634310150146484	CD8+ T Effector/Memory
ACTTTCAGTTCCACGG-1-Noninfected_741	0.6260421276092529	CD8+ T Effector/Memory
AGAGCGAAGCGTTCCG-1-Noninfected_741	-0.419594841003418	CD8+ T Effector/Memory
AGAGCGAGTTCTGTTT-1-Noninfected_741	-0.37978061676025393	CD8+ T Effector/Memory
AGAGCTTCATGGTCTA-1-Noninfected_741	0.6904804929097492	CD8+ T Effector/Memory
AGAGCTTTCTGCGGCA-1-Noninfected_741	-0.4091410446166992	CD8+ T Effector/Memory
AGAGTGGAGCCAGGAT-1-Noninfected_741	0.9716576321919759	CD8+ T Effector/Memory
AGCTTGACAGTCTTCC-1-Noninfected_741	0.3653740914662679	CD8+ T Effector/Memory
AGCTTGAGTAAGTAGT-1-Noninfected_741	-0.5212836456298828	CD8+ T Effector/Memory
AGGCCACTCAGTTAGC-1-Noninfected_741	0.3888502629597982	CD8+ T Effector/Memory
AGGGAGTCATGCATGT-1-Noninfected_741	0.6667033513387044	CD8+ T Effector/Memory
AGGGATGTCAACTCTT-1-Noninfected_741	-0.401820068359375	CD8+ T Effector/Memory
AGGGTGAAGGTGTGGT-1-Noninfected_741	-0.5138990402221679	CD8+ T Effector/Memory
AGGGTGATCCTACAGA-1-Noninfected_741	0.2855824597676595	CD8+ T Effector/Memory
AGGTCATCAAGTAATG-1-Noninfected_741	-0.503325080871582	CD8+ T Effector/Memory
AGTAGTCAGGCGACAT-1-Noninfected_741	1.0057303492228191	CD8+ T Effector/Memory
AGTAGTCGTACTTAGC-1-Noninfected_741	1.441815668741862	CD8+ T Effector/Memory
AGTGAGGGTAGCACGA-1-Noninfected_741	-0.449809684753418	CD8+ T Effector/Memory
AGTGGGAGTTCCACAA-1-Noninfected_741	2.022906945546468	CD8+ T Effector/Memory
AGTTGGTGTAGGACAC-1-Noninfected_741	-0.4956637191772461	CD8+ T Effector/Memory
ATAAGAGCATATGCTG-1-Noninfected_741	0.7716910552978515	CD8+ T Effector/Memory
ATAGACCAGACAGACC-1-Noninfected_741	-0.5461295318603515	CD8+ T Effector/Memory
ATAGACCCATGACATC-1-Noninfected_741	0.5706859302520751	CD8+ T Effector/Memory
ATCACGAAGCCAGAAC-1-Noninfected_741	0.6914564609527588	CD8+ T Effector/Memory
ATCACGACAAACAACA-1-Noninfected_741	0.5030891132354736	CD8+ T Effector/Memory
ATCTACTGTTCCCGAG-1-Noninfected_741	-0.5201542282104492	CD8+ T Effector/Memory
ATGCGATGTAGAGTGC-1-Noninfected_741	-0.07039129257202148	CD8+ T Effector/Memory
ATGGGAGCATGAAGTA-1-Noninfected_741	0.44643811225891117	CD8+ T Effector/Memory
ATTCTACAGTAGTGCG-1-Noninfected_741	-0.07511265118916827	CD8+ T Effector/Memory
ATTCTACTCCAGTAGT-1-Noninfected_741	0.21253896395365396	CD8+ T Effector/Memory
ATTGGACCACTGTCGG-1-Noninfected_741	0.49796082178751633	CD8+ T Effector/Memory
ATTGGACTCGGTTCGG-1-Noninfected_741	0.10732388019561767	CD8+ T Effector/Memory
CAACCAAGTTGAGTTC-1-Noninfected_741	0.023844496409098248	CD8+ T Effector/Memory
CAACCTCAGAGCAATT-1-Noninfected_741	-0.5062675857543946	CD8+ T Effector/Memory
CAACCTCTCAACTCTT-1-Noninfected_741	-0.4454326629638672	CD8+ T Effector/Memory
CAACCTCTCTGTGCAA-1-Noninfected_741	0.979278564453125	CD8+ T Effector/Memory
CAACTAGCATGGGAAC-1-Noninfected_741	1.6239260864257812	CD8+ T Effector/Memory
CAAGAAAAGAAGGACA-1-Noninfected_741	-0.31068416595458986	CD8+ T Effector/Memory
CAAGAAAAGTCGAGTG-1-Noninfected_741	-0.4496697235107422	CD8+ T Effector/Memory
CAAGATCGTACCAGTT-1-Noninfected_741	0.8217525736490886	CD8+ T Effector/Memory
CAAGATCGTTTACTCT-1-Noninfected_741	1.0832395553588867	CD8+ T Effector/Memory
CAAGGCCCATAGGATA-1-Noninfected_741	0.9963939984639485	CD8+ T Effector/Memory
CAAGTTGGTCCATGAT-1-Noninfected_741	-0.42338218688964846	CD8+ T Effector/Memory
CAAGTTGTCTCGCATC-1-Noninfected_741	-0.424197998046875	CD8+ T Effector/Memory
CACAAACAGCCAGTAG-1-Noninfected_741	1.5850080490112304	CD8+ T Effector/Memory
CACACCTCATGGGACA-1-Noninfected_741	-0.1947714773813884	CD8+ T Effector/Memory
CACAGGCTCATTATCC-1-Noninfected_741	-0.6030987548828125	CD8+ T Effector/Memory
CACAGTAAGTGCAAGC-1-Noninfected_741	0.333829542795817	CD8+ T Effector/Memory
CACCAGGGTCTGATTG-1-Noninfected_741	0.07956609090169275	CD8+ T Effector/Memory
CACCTTGGTACCGTTA-1-Noninfected_741	1.4419328498840331	CD8+ T Effector/Memory
CACCTTGTCGACAGCC-1-Noninfected_741	-0.2684671020507812	CD8+ T Effector/Memory
CAGAATCAGAGCTTCT-1-Noninfected_741	0.10579689820607502	CD8+ T Effector/Memory
CAGAGAGAGTAGTGCG-1-Noninfected_741	0.3915001265207926	CD8+ T Effector/Memory
CAGAGAGGTATCACCA-1-Noninfected_741	1.0716796620686848	CD8+ T Effector/Memory
CAGCAGCAGCTTTGGT-1-Noninfected_741	0.36700012524922687	CD8+ T Effector/Memory
CAGCGACCAGGTGCCT-1-Noninfected_741	-0.5307587051391601	CD8+ T Effector/Memory
CAGCTAATCGAATGCT-1-Noninfected_741	0.09747069676717124	CD8+ T Effector/Memory
CAGCTGGTCGCCGTGA-1-Noninfected_741	-0.4098966979980469	CD8+ T Effector/Memory
CAGGTGCTCCAGATCA-1-Noninfected_741	-0.4511529541015625	CD8+ T Effector/Memory
CAGTAACTCAGATAAG-1-Noninfected_741	0.0032840760548909498	CD8+ T Effector/Memory
CAGTCCTCAGATGAGC-1-Noninfected_741	0.9185407638549805	CD8+ T Effector/Memory
CATCGGGGTCTAAAGA-1-Noninfected_741	-0.4673831176757812	CD8+ T Effector/Memory
CATGACACAGCCAGAA-1-Noninfected_741	1.0098134676615398	CD8+ T Effector/Memory
CATTATCAGCTTATCG-1-Noninfected_741	-0.5832011795043945	CD8+ T Effector/Memory
CATTATCAGTGAATTG-1-Noninfected_741	1.409102160135905	CD8+ T Effector/Memory
CCACGGAAGGTACTCT-1-Noninfected_741	-0.056392796834309866	CD8+ T Effector/Memory
CCACGGACAGATGGCA-1-Noninfected_741	-0.006308450698852552	CD8+ T Effector/Memory
CCACGGATCCCATTTA-1-Noninfected_741	-0.5134223175048828	CD8+ T Effector/Memory
CCACTACGTAGTGAAT-1-Noninfected_741	0.024036730130513495	CD8+ T Effector/Memory
CCCAGTTCAGGAATCG-1-Noninfected_741	-0.2721629524230957	CD8+ T Effector/Memory
CCCATACGTCTCCCTA-1-Noninfected_741	0.313363151550293	CD8+ T Effector/Memory
CCGGGATTCACTATTC-1-Noninfected_741	-0.5767253112792968	CD8+ T Effector/Memory
CCGGTAGCAGCTCCGA-1-Noninfected_741	0.9810861587524414	CD8+ T Effector/Memory
CCGTACTAGTGTACTC-1-Noninfected_741	1.3093474578857422	CD8+ T Effector/Memory
CCGTACTCATTGCGGC-1-Noninfected_741	0.12060992558797201	CD8+ T Effector/Memory
CCGTTCAGTTGGTGGA-1-Noninfected_741	-0.6235921096801758	CD8+ T Effector/Memory
CCTACACAGAGAGCTC-1-Noninfected_741	1.0612688255310059	CD8+ T Effector/Memory
CCTACACGTATCGCAT-1-Noninfected_741	-0.012945081392923996	CD8+ T Effector/Memory
CCTACCATCGTACCGG-1-Noninfected_741	-0.3609322738647461	CD8+ T Effector/Memory
CCTAGCTGTAGAGGAA-1-Noninfected_741	1.818311882019043	CD8+ T Effector/Memory
CCTAGCTGTGTAACGG-1-Noninfected_741	-0.05421930948893233	CD8+ T Effector/Memory
CCTATTACAAACGCGA-1-Noninfected_741	-0.3558807373046875	CD8+ T Effector/Memory
CCTCAGTGTCATACTG-1-Noninfected_741	-0.650968246459961	CD8+ T Effector/Memory
CCTCAGTTCAAACAAG-1-Noninfected_741	-0.49739707946777345	CD8+ T Effector/Memory
CCTCTGAGTACCGGCT-1-Noninfected_741	-0.5928449630737305	CD8+ T Effector/Memory
CCTCTGAGTACGCACC-1-Noninfected_741	-0.3919482040405273	CD8+ T Effector/Memory
CCTTACGAGTAGCCGA-1-Noninfected_741	0.9109192784627278	CD8+ T Effector/Memory
CCTTACGCACTTACGA-1-Noninfected_741	-0.42775367736816405	CD8+ T Effector/Memory
CCTTACGTCTCATTCA-1-Noninfected_741	0.31683740615844724	CD8+ T Effector/Memory
CCTTCCCCAGTCGTGC-1-Noninfected_741	-0.3801654052734375	CD8+ T Effector/Memory
CCTTCCCGTGAGTATA-1-Noninfected_741	0.8822709210713704	CD8+ T Effector/Memory
CGACCTTCAGCATACT-1-Noninfected_741	0.11428774356842042	CD8+ T Effector/Memory
CGACTTCGTCGACTAT-1-Noninfected_741	0.2172840118408203	CD8+ T Effector/Memory
CGAGAAGCATTCACTT-1-Noninfected_741	-0.5113054656982422	CD8+ T Effector/Memory
CGAGCACCATCCGTGG-1-Noninfected_741	-0.033846968015035006	CD8+ T Effector/Memory
CGAGCCACAAAGCAAT-1-Noninfected_741	-0.3960158157348633	CD8+ T Effector/Memory
CGAGCCATCTGGAGCC-1-Noninfected_741	0.6393201955159504	CD8+ T Effector/Memory
CGATCGGCATCTACGA-1-Noninfected_741	1.3292610422770184	CD8+ T Effector/Memory
CGATCGGGTGCAGGTA-1-Noninfected_741	-0.0590476226806641	CD8+ T Effector/Memory
CGATGTATCACGATGT-1-Noninfected_741	0.9631883811950683	CD8+ T Effector/Memory
CGCTATCAGAGACTTA-1-Noninfected_741	-0.07120364030202225	CD8+ T Effector/Memory
CGCTATCGTCAGGACA-1-Noninfected_741	-0.05659498055775963	CD8+ T Effector/Memory
CGCTGGACACGAAAGC-1-Noninfected_741	0.5143976147969562	CD8+ T Effector/Memory
CGCTTCACAATGAATG-1-Noninfected_741	1.1401673444112141	CD8+ T Effector/Memory
CGGACACGTAATCACC-1-Noninfected_741	0.45300481796264647	CD8+ T Effector/Memory
CGGACGTTCTCCTATA-1-Noninfected_741	-0.2813442802429199	CD8+ T Effector/Memory
CGGAGTCTCTAACTGG-1-Noninfected_741	0.22502258936564123	CD8+ T Effector/Memory
CGGGTCAAGTCATGCT-1-Noninfected_741	-0.3129620742797852	CD8+ T Effector/Memory
CGTAGCGAGCCAACAG-1-Noninfected_741	1.1908645566304523	CD8+ T Effector/Memory
CGTGAGCGTAACGACG-1-Noninfected_741	1.3882068252563475	CD8+ T Effector/Memory
CGTGTAACAATCCAAC-1-Noninfected_741	-0.2366373634338379	CD8+ T Effector/Memory
CGTGTCTAGGACCACA-1-Noninfected_741	0.043840668996175114	CD8+ T Effector/Memory
CGTGTCTTCTTAGAGC-1-Noninfected_741	0.5311566098531088	CD8+ T Effector/Memory
CGTTAGAGTGATGCCC-1-Noninfected_741	-0.3815337753295898	CD8+ T Effector/Memory
CGTTCTGCAATGGTCT-1-Noninfected_741	-0.3052138900756836	CD8+ T Effector/Memory
CTAATGGCACAGAGGT-1-Noninfected_741	-0.46215415954589845	CD8+ T Effector/Memory
CTAATGGTCCTGCCAT-1-Noninfected_741	-0.37523975372314455	CD8+ T Effector/Memory
CTAATGGTCTGGTGTA-1-Noninfected_741	-0.42799427032470705	CD8+ T Effector/Memory
CTACACCCAGCGTAAG-1-Noninfected_741	-0.4937923049926758	CD8+ T Effector/Memory
CTACACCTCTTCTGGC-1-Noninfected_741	0.6835032272338867	CD8+ T Effector/Memory
CTACGTCAGACTGTAA-1-Noninfected_741	0.5699689483642578	CD8+ T Effector/Memory
CTAGAGTGTTGCCTCT-1-Noninfected_741	1.052877140045166	CD8+ T Effector/Memory
CTAGCCTCAGACGTAG-1-Noninfected_741	-0.4628814697265625	CD8+ T Effector/Memory
CTAGCCTTCACGACTA-1-Noninfected_741	-0.24428159713745118	CD8+ T Effector/Memory
CTCACACAGCCGATTT-1-Noninfected_741	0.006232905387878462	CD8+ T Effector/Memory
CTCACACCATACGCCG-1-Noninfected_741	-0.074135464032491	CD8+ T Effector/Memory
CTCACACTCGCTTGTC-1-Noninfected_741	0.34060151100158687	CD8+ T Effector/Memory
CTCAGAAAGATCACGG-1-Noninfected_741	0.49295625368754065	CD8+ T Effector/Memory
CTCATTACAGTACACT-1-Noninfected_741	1.203646952311198	CD8+ T Effector/Memory
CTCCTAGAGTTGTAGA-1-Noninfected_741	1.506924336751302	CD8+ T Effector/Memory
CTCCTAGCACTGTGTA-1-Noninfected_741	-0.44858608245849607	CD8+ T Effector/Memory
CTCCTAGTCAGAGACG-1-Noninfected_741	0.03406625111897782	CD8+ T Effector/Memory
CTCGAAAAGGCGCTCT-1-Noninfected_741	0.9652481079101562	CD8+ T Effector/Memory
CTCGAAAAGGGTTCCC-1-Noninfected_741	-0.5339471054077148	CD8+ T Effector/Memory
CTCGAGGCACCAGCAC-1-Noninfected_741	0.18445295492808028	CD8+ T Effector/Memory
CTCGAGGTCGCGCCAA-1-Noninfected_741	0.9153721872965496	CD8+ T Effector/Memory
CTCGTCAAGAGGTACC-1-Noninfected_741	-0.3982954406738281	CD8+ T Effector/Memory
CTCTACGCACAGCGTC-1-Noninfected_741	-0.4513578414916992	CD8+ T Effector/Memory
CTCTACGGTATGAAAC-1-Noninfected_741	-0.19644259452819823	CD8+ T Effector/Memory
CTCTGGTGTTATCCGA-1-Noninfected_741	0.0090145413080851	CD8+ T Effector/Memory
CTGAAACCATCGATTG-1-Noninfected_741	0.5072897020975748	CD8+ T Effector/Memory
CTGAAACGTCGACTGC-1-Noninfected_741	0.7223643302917481	CD8+ T Effector/Memory
CTGAAACGTGTGAAAT-1-Noninfected_741	0.06719799995422365	CD8+ T Effector/Memory
CTGATAGGTATATGGA-1-Noninfected_741	-0.36251197814941405	CD8+ T Effector/Memory
CTGCGGATCCAAGCCG-1-Noninfected_741	0.21973928133646647	CD8+ T Effector/Memory
CTGCTGTCATACTCTT-1-Noninfected_741	-0.5482189178466796	CD8+ T Effector/Memory
CTGTTTAAGCATCATC-1-Noninfected_741	0.18424985249837245	CD8+ T Effector/Memory
CTGTTTAAGTCTTGCA-1-Noninfected_741	0.596387513478597	CD8+ T Effector/Memory
CTTAACTAGTAGATGT-1-Noninfected_741	0.2356315199534098	CD8+ T Effector/Memory
CTTACCGCAACTGGCC-1-Noninfected_741	-0.2935493087768555	CD8+ T Effector/Memory
CTTGGCTAGCGTTGCC-1-Noninfected_741	0.6034141127268474	CD8+ T Effector/Memory
CTTGGCTGTCTAGCCG-1-Noninfected_741	-0.5743208312988282	CD8+ T Effector/Memory
CTTGGCTGTGTCAATC-1-Noninfected_741	0.7115338293711345	CD8+ T Effector/Memory
GAAACTCGTATCACCA-1-Noninfected_741	-0.49684139251708986	CD8+ T Effector/Memory
GAAATGAAGATATGCA-1-Noninfected_741	0.7539260800679524	CD8+ T Effector/Memory
GAAATGACACAGAGGT-1-Noninfected_741	-0.4565007400512695	CD8+ T Effector/Memory
GAACCTACAGTCACTA-1-Noninfected_741	0.6981442642211914	CD8+ T Effector/Memory
GAACGGATCCAATGGT-1-Noninfected_741	0.7142740376790364	CD8+ T Effector/Memory
GAAGCAGCAAATACAG-1-Noninfected_741	-0.4068836975097656	CD8+ T Effector/Memory
GAAGCAGGTAGAGCTG-1-Noninfected_741	-0.5338951110839844	CD8+ T Effector/Memory
GAAGCAGTCTGCGACG-1-Noninfected_741	0.19814874331156407	CD8+ T Effector/Memory
GAATAAGGTCTCCATC-1-Noninfected_741	0.9606710942586263	CD8+ T Effector/Memory
GACACGCGTACAGTTC-1-Noninfected_741	0.36818687756856283	CD8+ T Effector/Memory
GACACGCTCACAGTAC-1-Noninfected_741	0.9051596959431966	CD8+ T Effector/Memory
GACCTGGGTTTGTTGG-1-Noninfected_741	-0.48670894622802735	CD8+ T Effector/Memory
GACGTGCCAGATAATG-1-Noninfected_741	-0.5422467803955078	CD8+ T Effector/Memory
GACTAACCAGTTAACC-1-Noninfected_741	0.055523126920064336	CD8+ T Effector/Memory
GACTGCGGTATGAAAC-1-Noninfected_741	0.3319278589884441	CD8+ T Effector/Memory
GAGCAGAAGGCAAAGA-1-Noninfected_741	0.13037271658579502	CD8+ T Effector/Memory
GAGCAGAGTCTCCACT-1-Noninfected_741	-0.408761100769043	CD8+ T Effector/Memory
GAGTCCGTCTTCATGT-1-Noninfected_741	0.45183051745096836	CD8+ T Effector/Memory
GATCAGTCAGTATAAG-1-Noninfected_741	-0.5344623947143554	CD8+ T Effector/Memory
GATCGATCATGGATGG-1-Noninfected_741	0.7237693913777669	CD8+ T Effector/Memory
GATCGATTCCTCAATT-1-Noninfected_741	0.44576033274332694	CD8+ T Effector/Memory
GATCGTAAGAGCCTAG-1-Noninfected_741	-0.25527164459228513	CD8+ T Effector/Memory
GATGAAATCCGAATGT-1-Noninfected_741	-0.557941665649414	CD8+ T Effector/Memory
GATGCTAAGCCACTAT-1-Noninfected_741	-0.55791748046875	CD8+ T Effector/Memory
GATGCTAAGTGTCCAT-1-Noninfected_741	1.1356566556294758	CD8+ T Effector/Memory
GATGCTACAAACGCGA-1-Noninfected_741	0.901187235514323	CD8+ T Effector/Memory
GATGCTATCAAGGCTT-1-Noninfected_741	-0.5294882583618165	CD8+ T Effector/Memory
GCAAACTCAGACAGGT-1-Noninfected_741	-0.5414080047607421	CD8+ T Effector/Memory
GCACATACATCTCCCA-1-Noninfected_741	-0.3001294708251953	CD8+ T Effector/Memory
GCACTCTAGAGCTGCA-1-Noninfected_741	1.1224019559224447	CD8+ T Effector/Memory
GCAGCCAAGCGTGAGT-1-Noninfected_741	0.7757844225565593	CD8+ T Effector/Memory
GCATACAAGATCCCAT-1-Noninfected_741	0.8286995379130047	CD8+ T Effector/Memory
GCATACAGTTAAAGTG-1-Noninfected_741	0.9097773520151775	CD8+ T Effector/Memory
GCATACATCGCGTAGC-1-Noninfected_741	-0.4804194259643555	CD8+ T Effector/Memory
GCGCAACAGTCCGTAT-1-Noninfected_741	0.3045666376749674	CD8+ T Effector/Memory
GCGCAGTGTCTCCATC-1-Noninfected_741	0.6922396405537923	CD8+ T Effector/Memory
GCGCCAACAGGTCCAC-1-Noninfected_741	0.7270317999521891	CD8+ T Effector/Memory
GCGCCAATCAGTACGT-1-Noninfected_741	-0.12127948443094888	CD8+ T Effector/Memory
GCTCCTAAGGTGTTAA-1-Noninfected_741	-0.49940635681152346	CD8+ T Effector/Memory
GCTCCTACACGTAAGG-1-Noninfected_741	-0.4469257354736328	CD8+ T Effector/Memory
GCTCTGTGTATATGAG-1-Noninfected_741	0.2628098901112875	CD8+ T Effector/Memory
GCTGCAGGTGCCTGGT-1-Noninfected_741	1.683495101928711	CD8+ T Effector/Memory
GCTGGGTCAGAAGCAC-1-Noninfected_741	-0.11358154296875	CD8+ T Effector/Memory
GCTTGAAAGATGAGAG-1-Noninfected_741	-0.0316941038767497	CD8+ T Effector/Memory
GGACAAGAGTGTTTGC-1-Noninfected_741	-0.4277479934692383	CD8+ T Effector/Memory
GGACAAGAGTTACCCA-1-Noninfected_741	0.9814095433553058	CD8+ T Effector/Memory
GGACAGACATCACAAC-1-Noninfected_741	-0.03218325614929202	CD8+ T Effector/Memory
GGACAGAGTTCTGAAC-1-Noninfected_741	-0.518862533569336	CD8+ T Effector/Memory
GGACATTTCACTTATC-1-Noninfected_741	1.1433432833353678	CD8+ T Effector/Memory
GGAGCAATCGGATGGA-1-Noninfected_741	0.1231452115376791	CD8+ T Effector/Memory
GGCGACTCATCGGAAG-1-Noninfected_741	-0.3357339859008789	CD8+ T Effector/Memory
GGCGACTCATGCCCGA-1-Noninfected_741	-0.06411136468251544	CD8+ T Effector/Memory
GGCGACTTCATGTCTT-1-Noninfected_741	-0.5206339263916016	CD8+ T Effector/Memory
GGCTGGTAGATGTTAG-1-Noninfected_741	0.6302614720662434	CD8+ T Effector/Memory
GGGACCTGTTCGTCTC-1-Noninfected_741	1.8796661059061686	CD8+ T Effector/Memory
GGGCACTTCCAAACTG-1-Noninfected_741	0.2901961008707682	CD8+ T Effector/Memory
GGGTCTGTCGGTTCGG-1-Noninfected_741	0.08635164260864259	CD8+ T Effector/Memory
GGTATTGGTCGCATAT-1-Noninfected_741	0.5483638095855713	CD8+ T Effector/Memory
GTAACTGGTTGGTGGA-1-Noninfected_741	-0.41417720794677737	CD8+ T Effector/Memory
GTACGTAGTGCACGAA-1-Noninfected_741	-0.49523334503173827	CD8+ T Effector/Memory
GTACTCCCAGTATCTG-1-Noninfected_741	0.5915014807383219	CD8+ T Effector/Memory
GTACTCCTCTTGTTTG-1-Noninfected_741	0.4177199077606201	CD8+ T Effector/Memory
GTACTTTTCCCTAACC-1-Noninfected_741	0.8174858474731446	CD8+ T Effector/Memory
GTAGTCATCGCGTAGC-1-Noninfected_741	-0.4015814971923828	CD8+ T Effector/Memory
GTATCTTCACTGCCAG-1-Noninfected_741	0.3582219441731771	CD8+ T Effector/Memory
GTCAAGTAGACTAAGT-1-Noninfected_741	0.20011583646138514	CD8+ T Effector/Memory
GTCACGGCATCGATGT-1-Noninfected_741	0.2594940821329752	CD8+ T Effector/Memory
GTCATTTAGGACAGAA-1-Noninfected_741	0.37863026936848965	CD8+ T Effector/Memory
GTCGTAACACGGTAGA-1-Noninfected_741	-0.4928381729125977	CD8+ T Effector/Memory
GTCTCGTAGACTAGAT-1-Noninfected_741	0.49375013987223304	CD8+ T Effector/Memory
GTCTCGTAGAGTAATC-1-Noninfected_741	0.16950702031453457	CD8+ T Effector/Memory
GTCTTCGTCTTGTATC-1-Noninfected_741	-0.2623287200927734	CD8+ T Effector/Memory
GTGAAGGCATAACCTG-1-Noninfected_741	1.1542166646321614	CD8+ T Effector/Memory
GTGAAGGGTCACTTCC-1-Noninfected_741	0.05887282212575279	CD8+ T Effector/Memory
GTGAAGGTCGGTCCGA-1-Noninfected_741	-0.5039968872070313	CD8+ T Effector/Memory
GTGCAGCTCCCTAACC-1-Noninfected_741	-0.5203416061401367	CD8+ T Effector/Memory
GTGCTTCAGGTGCTAG-1-Noninfected_741	0.3393119557698568	CD8+ T Effector/Memory
GTGCTTCGTATGAAAC-1-Noninfected_741	1.1254757817586263	CD8+ T Effector/Memory
GTGCTTCTCTCTGAGA-1-Noninfected_741	0.028380646705627455	CD8+ T Effector/Memory
GTGGGTCGTCTCATCC-1-Noninfected_741	0.049625441233317025	CD8+ T Effector/Memory
GTGTGCGCAAGTTGTC-1-Noninfected_741	0.06994652589162187	CD8+ T Effector/Memory
GTTAAGCCACCACCAG-1-Noninfected_741	-0.3894907760620117	CD8+ T Effector/Memory
GTTACAGCAGTAAGAT-1-Noninfected_741	0.249422607421875	CD8+ T Effector/Memory
GTTCGGGCAATGCCAT-1-Noninfected_741	0.5826766840616863	CD8+ T Effector/Memory
GTTCTCGAGACAATAC-1-Noninfected_741	-0.5372268676757812	CD8+ T Effector/Memory
GTTCTCGTCACCCTCA-1-Noninfected_741	0.5938088734944661	CD8+ T Effector/Memory
GTTCTCGTCGTTGCCT-1-Noninfected_741	0.27409202893575035	CD8+ T Effector/Memory
TAAACCGAGCTGCCCA-1-Noninfected_741	1.08760648727417	CD8+ T Effector/Memory
TAAGCGTCACCTCGTT-1-Noninfected_741	0.9327082506815594	CD8+ T Effector/Memory
TACACGATCCCTAACC-1-Noninfected_741	-0.4177524566650391	CD8+ T Effector/Memory
TACACGATCGATAGAA-1-Noninfected_741	0.7678143310546875	CD8+ T Effector/Memory
TACAGTGAGACAGAGA-1-Noninfected_741	0.7511691888173421	CD8+ T Effector/Memory
TACAGTGCACATCCGG-1-Noninfected_741	-0.550046501159668	CD8+ T Effector/Memory
TACCTATAGCAGCCTC-1-Noninfected_741	0.17235721906026208	CD8+ T Effector/Memory
TACCTATAGGGATCTG-1-Noninfected_741	0.9969148763020833	CD8+ T Effector/Memory
TACCTATAGTCATGCT-1-Noninfected_741	-0.07165268580118817	CD8+ T Effector/Memory
TACCTTAGTGGTACAG-1-Noninfected_741	-0.533983383178711	CD8+ T Effector/Memory
TACGGGCGTGGGTCAA-1-Noninfected_741	0.7838903490702311	CD8+ T Effector/Memory
TACTCATAGTATCGAA-1-Noninfected_741	0.2446563148498535	CD8+ T Effector/Memory
TACTCATGTCACTTCC-1-Noninfected_741	-0.5129863357543946	CD8+ T Effector/Memory
TACTCATGTTCCTCCA-1-Noninfected_741	-0.33039695739746094	CD8+ T Effector/Memory
TACTCATTCTCCGGTT-1-Noninfected_741	-0.7175254058837891	CD8+ T Effector/Memory
TACTTACGTGCTAGCC-1-Noninfected_741	0.5585709126790365	CD8+ T Effector/Memory
TAGAGCTAGATGCCTT-1-Noninfected_741	-0.5105248641967773	CD8+ T Effector/Memory
TAGTGGTGTAGGACAC-1-Noninfected_741	-0.3061914825439453	CD8+ T Effector/Memory
TAGTTGGCATATGGTC-1-Noninfected_741	-0.006100875536600769	CD8+ T Effector/Memory
TAGTTGGGTATAGGTA-1-Noninfected_741	0.03295162359873455	CD8+ T Effector/Memory
TAGTTGGTCATTATCC-1-Noninfected_741	0.050863596598307304	CD8+ T Effector/Memory
TATCTCATCAACACCA-1-Noninfected_741	0.8213147322336833	CD8+ T Effector/Memory
TATGCCCGTCGGATCC-1-Noninfected_741	0.343295373916626	CD8+ T Effector/Memory
TATGCCCTCGGCGCTA-1-Noninfected_741	0.7299734147389729	CD8+ T Effector/Memory
TATTACCAGTCAAGCG-1-Noninfected_741	0.26913152058919276	CD8+ T Effector/Memory
TCAGATGAGTATGACA-1-Noninfected_741	0.8731507205963135	CD8+ T Effector/Memory
TCAGCAACAAAGGTGC-1-Noninfected_741	0.055748945871988864	CD8+ T Effector/Memory
TCAGGTACAACTTGAC-1-Noninfected_741	-0.49715579986572267	CD8+ T Effector/Memory
TCATTACCAATAGCAA-1-Noninfected_741	-0.4671813583374023	CD8+ T Effector/Memory
TCATTACGTACAGCAG-1-Noninfected_741	0.9114726638793945	CD8+ T Effector/Memory
TCATTTGGTTGTCGCG-1-Noninfected_741	1.2763599904378253	CD8+ T Effector/Memory
TCCCGATAGGTGATAT-1-Noninfected_741	0.25522753397623693	CD8+ T Effector/Memory
TCGCGAGAGAGTCTGG-1-Noninfected_741	0.6296459197998047	CD8+ T Effector/Memory
TCGGTAAGTCTTTCAT-1-Noninfected_741	0.235791335105896	CD8+ T Effector/Memory
TCGTACCGTAATTGGA-1-Noninfected_741	1.2508023198445637	CD8+ T Effector/Memory
TCGTAGATCGTAGGTT-1-Noninfected_741	0.8189479955037434	CD8+ T Effector/Memory
TCTGGAAAGTTTAGGA-1-Noninfected_741	-0.057524520556132	CD8+ T Effector/Memory
TCTGGAACAGCTGGCT-1-Noninfected_741	-0.49393653869628906	CD8+ T Effector/Memory
TCTGGAATCACGCATA-1-Noninfected_741	-0.49453929901123045	CD8+ T Effector/Memory
TCTTTCCGTTCCCTTG-1-Noninfected_741	0.08757810592651372	CD8+ T Effector/Memory
TCTTTCCTCAGGTTCA-1-Noninfected_741	0.7015897432963054	CD8+ T Effector/Memory
TGACTAGCACCGAAAG-1-Noninfected_741	0.7262753391265869	CD8+ T Effector/Memory
TGACTTTTCCTCATTA-1-Noninfected_741	-0.3284371566772461	CD8+ T Effector/Memory
TGACTTTTCTTCTGGC-1-Noninfected_741	-0.09215798219045002	CD8+ T Effector/Memory
TGACTTTTCTTGAGAC-1-Noninfected_741	-0.5240711975097656	CD8+ T Effector/Memory
TGAGGGAAGTATTGGA-1-Noninfected_741	-0.4304654312133789	CD8+ T Effector/Memory
TGAGGGACAAGTCATC-1-Noninfected_741	-0.13604712327321372	CD8+ T Effector/Memory
TGAGGGAGTGTGGCTC-1-Noninfected_741	0.9414090919494629	CD8+ T Effector/Memory
TGATTTCCACAAGCCC-1-Noninfected_741	0.5064184856414795	CD8+ T Effector/Memory
TGATTTCGTGGTGTAG-1-Noninfected_741	0.0405963436762492	CD8+ T Effector/Memory
TGATTTCGTTCAGACT-1-Noninfected_741	-0.1045992374420166	CD8+ T Effector/Memory
TGCACCTTCGTAGGTT-1-Noninfected_741	0.3063895829518637	CD8+ T Effector/Memory
TGCCCATCACCCATTC-1-Noninfected_741	-0.31693225860595703	CD8+ T Effector/Memory
TGCCCATCAGTCCTTC-1-Noninfected_741	0.3350986337661743	CD8+ T Effector/Memory
TGCCCATCATGCAATC-1-Noninfected_741	0.6472457631429036	CD8+ T Effector/Memory
TGCCCATGTATCAGTC-1-Noninfected_741	-0.3058565902709961	CD8+ T Effector/Memory
TGCGCAGTCACGCATA-1-Noninfected_741	0.519610538482666	CD8+ T Effector/Memory
TGCGGGTCAGGACCCT-1-Noninfected_741	0.16773010571797692	CD8+ T Effector/Memory
TGCGTGGAGATGAGAG-1-Noninfected_741	-0.6201059341430664	CD8+ T Effector/Memory
TGCGTGGCAACGCACC-1-Noninfected_741	-0.46124011993408204	CD8+ T Effector/Memory
TGCTACCTCAGCCTAA-1-Noninfected_741	0.44633136749267577	CD8+ T Effector/Memory
TGGCGCATCCGTCAAA-1-Noninfected_741	0.10836475372314458	CD8+ T Effector/Memory
TGGCTGGAGCCCAACC-1-Noninfected_741	-0.409031982421875	CD8+ T Effector/Memory
TGGGCGTAGGGAGTAA-1-Noninfected_741	0.7555685234069824	CD8+ T Effector/Memory
TGGGCGTCATTATCTC-1-Noninfected_741	-0.487610969543457	CD8+ T Effector/Memory
TGGTTCCTCCCTTGTG-1-Noninfected_741	-0.42619693756103516	CD8+ T Effector/Memory
TGTCCCACACATGTGT-1-Noninfected_741	0.43116887092590334	CD8+ T Effector/Memory
TGTGTTTAGACTAGAT-1-Noninfected_741	0.24722822825113933	CD8+ T Effector/Memory
TGTGTTTTCTACCTGC-1-Noninfected_741	-0.4677163696289062	CD8+ T Effector/Memory
TTATGCTAGAAAGTGG-1-Noninfected_741	-0.31451271057128904	CD8+ T Effector/Memory
TTCGAAGGTGTGCCTG-1-Noninfected_741	-0.5288961029052734	CD8+ T Effector/Memory
TTCTACAAGAACAACT-1-Noninfected_741	0.038254272143046	CD8+ T Effector/Memory
TTCTTAGGTCGGATCC-1-Noninfected_741	0.27213637034098304	CD8+ T Effector/Memory
TTCTTAGGTCTAGGTT-1-Noninfected_741	-0.40358078002929687	CD8+ T Effector/Memory
TTGACTTAGACTCGGA-1-Noninfected_741	-0.464417724609375	CD8+ T Effector/Memory
TTGGAACTCGGATGGA-1-Noninfected_741	0.32630023320515955	CD8+ T Effector/Memory
TTGTAGGTCATGTGGT-1-Noninfected_741	-0.430316276550293	CD8+ T Effector/Memory
TTTATGCCATGGGAAC-1-Noninfected_741	-0.40853702545166015	CD8+ T Effector/Memory
TTTGCGCAGTACGCCC-1-Noninfected_741	0.3174838383992513	CD8+ T Effector/Memory
TTTGGTTCAGTTAACC-1-Noninfected_741	-0.46179344177246096	CD8+ T Effector/Memory
TTTGGTTTCAACCATG-1-Noninfected_741	-0.21454892794291175	CD8+ T Effector/Memory
